dataset_id,exact_match_mean,exact_match_std,exact_match_min,exact_match_max,exact_match_median,exact_match_ci_lower,exact_match_ci_upper,exact_match_count,f1_score_mean,f1_score_std,f1_score_min,f1_score_max,f1_score_median,f1_score_ci_lower,f1_score_ci_upper,f1_score_count,time_mean,time_std,time_min,time_max,time_median,time_ci_lower,time_ci_upper,time_count,step_mean,step_std,step_min,step_max,step_median,step_ci_lower,step_ci_upper,step_count,hit_rate_mean,hit_rate_std,hit_rate_min,hit_rate_max,hit_rate_median,hit_rate_ci_lower,hit_rate_ci_upper,hit_rate_count,hits_mean,hits_std,hits_min,hits_max,hits_median,hits_ci_lower,hits_ci_upper,hits_count,total_retrieved_mean,total_retrieved_std,total_retrieved_min,total_retrieved_max,total_retrieved_median,total_retrieved_ci_lower,total_retrieved_ci_upper,total_retrieved_count,expected_count_mean,expected_count_std,expected_count_min,expected_count_max,expected_count_median,expected_count_ci_lower,expected_count_ci_upper,expected_count_count
0,,,,,,,,1,,,,,,,,1,,,,,,,,1,,,,,,,,1,,,,,,,,0,,,,,,,,0,,,,,,,,0,,,,,,,,0
1,0.0,0.0,0.0,0.0,0.0,0.0,0.0,10,0.18181818181818182,2.925694557147251e-17,0.1818181818181818,0.1818181818181818,0.1818181818181818,0.1818181818181818,0.1818181818181818,10,0.32418460845947267,0.03076358042654653,0.2967166900634765,0.3976144790649414,0.311404824256897,0.2969176411628723,0.38726876974105834,10,0.0,0.0,0.0,0.0,0.0,0.0,0.0,10,,,,,,,,0,,,,,,,,0,,,,,,,,0,,,,,,,,0
2,,,,,,,,1,,,,,,,,1,,,,,,,,1,,,,,,,,1,,,,,,,,0,,,,,,,,0,,,,,,,,0,,,,,,,,0
3,,,,,,,,1,,,,,,,,1,,,,,,,,1,,,,,,,,1,,,,,,,,0,,,,,,,,0,,,,,,,,0,,,,,,,,0
4,,,,,,,,1,,,,,,,,1,,,,,,,,1,,,,,,,,1,,,,,,,,0,,,,,,,,0,,,,,,,,0,,,,,,,,0
5,,,,,,,,1,,,,,,,,1,,,,,,,,1,,,,,,,,1,,,,,,,,0,,,,,,,,0,,,,,,,,0,,,,,,,,0
6,,,,,,,,1,,,,,,,,1,,,,,,,,1,,,,,,,,1,,,,,,,,0,,,,,,,,0,,,,,,,,0,,,,,,,,0
7,,,,,,,,1,,,,,,,,1,,,,,,,,1,,,,,,,,1,,,,,,,,0,,,,,,,,0,,,,,,,,0,,,,,,,,0
8,,,,,,,,1,,,,,,,,1,,,,,,,,1,,,,,,,,1,,,,,,,,0,,,,,,,,0,,,,,,,,0,,,,,,,,0
9,,,,,,,,1,,,,,,,,1,,,,,,,,1,,,,,,,,1,,,,,,,,0,,,,,,,,0,,,,,,,,0,,,,,,,,0
10,,,,,,,,1,,,,,,,,1,,,,,,,,1,,,,,,,,1,,,,,,,,0,,,,,,,,0,,,,,,,,0,,,,,,,,0
11,,,,,,,,1,,,,,,,,1,,,,,,,,1,,,,,,,,1,,,,,,,,0,,,,,,,,0,,,,,,,,0,,,,,,,,0
12,,,,,,,,1,,,,,,,,1,,,,,,,,1,,,,,,,,1,,,,,,,,0,,,,,,,,0,,,,,,,,0,,,,,,,,0
13,,,,,,,,1,,,,,,,,1,,,,,,,,1,,,,,,,,1,,,,,,,,0,,,,,,,,0,,,,,,,,0,,,,,,,,0
14,,,,,,,,1,,,,,,,,1,,,,,,,,1,,,,,,,,1,,,,,,,,0,,,,,,,,0,,,,,,,,0,,,,,,,,0
15,,,,,,,,1,,,,,,,,1,,,,,,,,1,,,,,,,,1,,,,,,,,0,,,,,,,,0,,,,,,,,0,,,,,,,,0
16,,,,,,,,1,,,,,,,,1,,,,,,,,1,,,,,,,,1,,,,,,,,0,,,,,,,,0,,,,,,,,0,,,,,,,,0
17,,,,,,,,1,,,,,,,,1,,,,,,,,1,,,,,,,,1,,,,,,,,0,,,,,,,,0,,,,,,,,0,,,,,,,,0
18,,,,,,,,1,,,,,,,,1,,,,,,,,1,,,,,,,,1,,,,,,,,0,,,,,,,,0,,,,,,,,0,,,,,,,,0
19,,,,,,,,1,,,,,,,,1,,,,,,,,1,,,,,,,,1,,,,,,,,0,,,,,,,,0,,,,,,,,0,,,,,,,,0
20,,,,,,,,1,,,,,,,,1,,,,,,,,1,,,,,,,,1,,,,,,,,0,,,,,,,,0,,,,,,,,0,,,,,,,,0
21,,,,,,,,1,,,,,,,,1,,,,,,,,1,,,,,,,,1,,,,,,,,0,,,,,,,,0,,,,,,,,0,,,,,,,,0
22,,,,,,,,1,,,,,,,,1,,,,,,,,1,,,,,,,,1,,,,,,,,0,,,,,,,,0,,,,,,,,0,,,,,,,,0
23,,,,,,,,1,,,,,,,,1,,,,,,,,1,,,,,,,,1,,,,,,,,0,,,,,,,,0,,,,,,,,0,,,,,,,,0
24,,,,,,,,1,,,,,,,,1,,,,,,,,1,,,,,,,,1,,,,,,,,0,,,,,,,,0,,,,,,,,0,,,,,,,,0
25,,,,,,,,1,,,,,,,,1,,,,,,,,1,,,,,,,,1,,,,,,,,0,,,,,,,,0,,,,,,,,0,,,,,,,,0
26,,,,,,,,1,,,,,,,,1,,,,,,,,1,,,,,,,,1,,,,,,,,0,,,,,,,,0,,,,,,,,0,,,,,,,,0
27,,,,,,,,1,,,,,,,,1,,,,,,,,1,,,,,,,,1,,,,,,,,0,,,,,,,,0,,,,,,,,0,,,,,,,,0
28,,,,,,,,1,,,,,,,,1,,,,,,,,1,,,,,,,,1,,,,,,,,0,,,,,,,,0,,,,,,,,0,,,,,,,,0
29,0.0,0.0,0.0,0.0,0.0,0.0,0.0,10,0.1176470588235294,0.0,0.1176470588235294,0.1176470588235294,0.1176470588235294,0.1176470588235294,0.1176470588235294,10,0.39891414642333983,0.011244533785420056,0.3818678855895996,0.4120843410491943,0.3994189500808716,0.3832535147666931,0.4118691742420196,10,0.0,0.0,0.0,0.0,0.0,0.0,0.0,10,,,,,,,,0,,,,,,,,0,,,,,,,,0,,,,,,,,0
30,,,,,,,,1,,,,,,,,1,,,,,,,,1,,,,,,,,1,,,,,,,,0,,,,,,,,0,,,,,,,,0,,,,,,,,0
31,,,,,,,,1,,,,,,,,1,,,,,,,,1,,,,,,,,1,,,,,,,,0,,,,,,,,0,,,,,,,,0,,,,,,,,0
32,,,,,,,,1,,,,,,,,1,,,,,,,,1,,,,,,,,1,,,,,,,,0,,,,,,,,0,,,,,,,,0,,,,,,,,0
33,,,,,,,,1,,,,,,,,1,,,,,,,,1,,,,,,,,1,,,,,,,,0,,,,,,,,0,,,,,,,,0,,,,,,,,0
34,,,,,,,,1,,,,,,,,1,,,,,,,,1,,,,,,,,1,,,,,,,,0,,,,,,,,0,,,,,,,,0,,,,,,,,0
35,,,,,,,,1,,,,,,,,1,,,,,,,,1,,,,,,,,1,,,,,,,,0,,,,,,,,0,,,,,,,,0,,,,,,,,0
36,,,,,,,,1,,,,,,,,1,,,,,,,,1,,,,,,,,1,,,,,,,,0,,,,,,,,0,,,,,,,,0,,,,,,,,0
37,,,,,,,,1,,,,,,,,1,,,,,,,,1,,,,,,,,1,,,,,,,,0,,,,,,,,0,,,,,,,,0,,,,,,,,0
38,,,,,,,,1,,,,,,,,1,,,,,,,,1,,,,,,,,1,,,,,,,,0,,,,,,,,0,,,,,,,,0,,,,,,,,0
39,,,,,,,,1,,,,,,,,1,,,,,,,,1,,,,,,,,1,,,,,,,,0,,,,,,,,0,,,,,,,,0,,,,,,,,0
40,,,,,,,,1,,,,,,,,1,,,,,,,,1,,,,,,,,1,,,,,,,,0,,,,,,,,0,,,,,,,,0,,,,,,,,0
41,,,,,,,,1,,,,,,,,1,,,,,,,,1,,,,,,,,1,,,,,,,,0,,,,,,,,0,,,,,,,,0,,,,,,,,0
42,,,,,,,,1,,,,,,,,1,,,,,,,,1,,,,,,,,1,,,,,,,,0,,,,,,,,0,,,,,,,,0,,,,,,,,0
43,,,,,,,,1,,,,,,,,1,,,,,,,,1,,,,,,,,1,,,,,,,,0,,,,,,,,0,,,,,,,,0,,,,,,,,0
44,,,,,,,,1,,,,,,,,1,,,,,,,,1,,,,,,,,1,,,,,,,,0,,,,,,,,0,,,,,,,,0,,,,,,,,0
45,,,,,,,,1,,,,,,,,1,,,,,,,,1,,,,,,,,1,,,,,,,,0,,,,,,,,0,,,,,,,,0,,,,,,,,0
46,0.0,0.0,0.0,0.0,0.0,0.0,0.0,10,0.45,0.15811388300841897,0.0,0.5,0.5,0.1125,0.5,10,0.21081914901733395,0.007610055000558216,0.1951158046722412,0.2244043350219726,0.2111066579818725,0.19735925793647766,0.22231827378273006,10,0.0,0.0,0.0,0.0,0.0,0.0,0.0,10,,,,,,,,0,,,,,,,,0,,,,,,,,0,,,,,,,,0
47,,,,,,,,1,,,,,,,,1,,,,,,,,1,,,,,,,,1,,,,,,,,0,,,,,,,,0,,,,,,,,0,,,,,,,,0
48,,,,,,,,1,,,,,,,,1,,,,,,,,1,,,,,,,,1,,,,,,,,0,,,,,,,,0,,,,,,,,0,,,,,,,,0
49,,,,,,,,1,,,,,,,,1,,,,,,,,1,,,,,,,,1,,,,,,,,0,,,,,,,,0,,,,,,,,0,,,,,,,,0
50,,,,,,,,1,,,,,,,,1,,,,,,,,1,,,,,,,,1,,,,,,,,0,,,,,,,,0,,,,,,,,0,,,,,,,,0
51,,,,,,,,1,,,,,,,,1,,,,,,,,1,,,,,,,,1,,,,,,,,0,,,,,,,,0,,,,,,,,0,,,,,,,,0
52,,,,,,,,1,,,,,,,,1,,,,,,,,1,,,,,,,,1,,,,,,,,0,,,,,,,,0,,,,,,,,0,,,,,,,,0
53,,,,,,,,1,,,,,,,,1,,,,,,,,1,,,,,,,,1,,,,,,,,0,,,,,,,,0,,,,,,,,0,,,,,,,,0
54,,,,,,,,1,,,,,,,,1,,,,,,,,1,,,,,,,,1,,,,,,,,0,,,,,,,,0,,,,,,,,0,,,,,,,,0
55,,,,,,,,1,,,,,,,,1,,,,,,,,1,,,,,,,,1,,,,,,,,0,,,,,,,,0,,,,,,,,0,,,,,,,,0
56,,,,,,,,1,,,,,,,,1,,,,,,,,1,,,,,,,,1,,,,,,,,0,,,,,,,,0,,,,,,,,0,,,,,,,,0
57,,,,,,,,1,,,,,,,,1,,,,,,,,1,,,,,,,,1,,,,,,,,0,,,,,,,,0,,,,,,,,0,,,,,,,,0
58,,,,,,,,1,,,,,,,,1,,,,,,,,1,,,,,,,,1,,,,,,,,0,,,,,,,,0,,,,,,,,0,,,,,,,,0
59,,,,,,,,1,,,,,,,,1,,,,,,,,1,,,,,,,,1,,,,,,,,0,,,,,,,,0,,,,,,,,0,,,,,,,,0
60,,,,,,,,1,,,,,,,,1,,,,,,,,1,,,,,,,,1,,,,,,,,0,,,,,,,,0,,,,,,,,0,,,,,,,,0
61,,,,,,,,1,,,,,,,,1,,,,,,,,1,,,,,,,,1,,,,,,,,0,,,,,,,,0,,,,,,,,0,,,,,,,,0
62,,,,,,,,1,,,,,,,,1,,,,,,,,1,,,,,,,,1,,,,,,,,0,,,,,,,,0,,,,,,,,0,,,,,,,,0
63,,,,,,,,1,,,,,,,,1,,,,,,,,1,,,,,,,,1,,,,,,,,0,,,,,,,,0,,,,,,,,0,,,,,,,,0
64,,,,,,,,1,,,,,,,,1,,,,,,,,1,,,,,,,,1,,,,,,,,0,,,,,,,,0,,,,,,,,0,,,,,,,,0
65,,,,,,,,1,,,,,,,,1,,,,,,,,1,,,,,,,,1,,,,,,,,0,,,,,,,,0,,,,,,,,0,,,,,,,,0
66,,,,,,,,1,,,,,,,,1,,,,,,,,1,,,,,,,,1,,,,,,,,0,,,,,,,,0,,,,,,,,0,,,,,,,,0
67,,,,,,,,1,,,,,,,,1,,,,,,,,1,,,,,,,,1,,,,,,,,0,,,,,,,,0,,,,,,,,0,,,,,,,,0
68,,,,,,,,1,,,,,,,,1,,,,,,,,1,,,,,,,,1,,,,,,,,0,,,,,,,,0,,,,,,,,0,,,,,,,,0
69,,,,,,,,1,,,,,,,,1,,,,,,,,1,,,,,,,,1,,,,,,,,0,,,,,,,,0,,,,,,,,0,,,,,,,,0
70,,,,,,,,1,,,,,,,,1,,,,,,,,1,,,,,,,,1,,,,,,,,0,,,,,,,,0,,,,,,,,0,,,,,,,,0
71,,,,,,,,1,,,,,,,,1,,,,,,,,1,,,,,,,,1,,,,,,,,0,,,,,,,,0,,,,,,,,0,,,,,,,,0
72,,,,,,,,1,,,,,,,,1,,,,,,,,1,,,,,,,,1,,,,,,,,0,,,,,,,,0,,,,,,,,0,,,,,,,,0
73,,,,,,,,1,,,,,,,,1,,,,,,,,1,,,,,,,,1,,,,,,,,0,,,,,,,,0,,,,,,,,0,,,,,,,,0
74,,,,,,,,1,,,,,,,,1,,,,,,,,1,,,,,,,,1,,,,,,,,0,,,,,,,,0,,,,,,,,0,,,,,,,,0
75,,,,,,,,1,,,,,,,,1,,,,,,,,1,,,,,,,,1,,,,,,,,0,,,,,,,,0,,,,,,,,0,,,,,,,,0
76,,,,,,,,1,,,,,,,,1,,,,,,,,1,,,,,,,,1,,,,,,,,0,,,,,,,,0,,,,,,,,0,,,,,,,,0
77,,,,,,,,1,,,,,,,,1,,,,,,,,1,,,,,,,,1,,,,,,,,0,,,,,,,,0,,,,,,,,0,,,,,,,,0
78,,,,,,,,1,,,,,,,,1,,,,,,,,1,,,,,,,,1,,,,,,,,0,,,,,,,,0,,,,,,,,0,,,,,,,,0
79,,,,,,,,1,,,,,,,,1,,,,,,,,1,,,,,,,,1,,,,,,,,0,,,,,,,,0,,,,,,,,0,,,,,,,,0
80,,,,,,,,1,,,,,,,,1,,,,,,,,1,,,,,,,,1,,,,,,,,0,,,,,,,,0,,,,,,,,0,,,,,,,,0
81,,,,,,,,1,,,,,,,,1,,,,,,,,1,,,,,,,,1,,,,,,,,0,,,,,,,,0,,,,,,,,0,,,,,,,,0
82,,,,,,,,1,,,,,,,,1,,,,,,,,1,,,,,,,,1,,,,,,,,0,,,,,,,,0,,,,,,,,0,,,,,,,,0
83,,,,,,,,1,,,,,,,,1,,,,,,,,1,,,,,,,,1,,,,,,,,0,,,,,,,,0,,,,,,,,0,,,,,,,,0
84,,,,,,,,1,,,,,,,,1,,,,,,,,1,,,,,,,,1,,,,,,,,0,,,,,,,,0,,,,,,,,0,,,,,,,,0
85,,,,,,,,1,,,,,,,,1,,,,,,,,1,,,,,,,,1,,,,,,,,0,,,,,,,,0,,,,,,,,0,,,,,,,,0
86,0.0,0.0,0.0,0.0,0.0,0.0,0.0,10,0.0,0.0,0.0,0.0,0.0,0.0,0.0,10,0.44781620502471925,0.012213615950817058,0.4286859035491943,0.4658694267272949,0.4465172290802002,0.4308457791805267,0.46503896117210386,10,0.0,0.0,0.0,0.0,0.0,0.0,0.0,10,,,,,,,,0,,,,,,,,0,,,,,,,,0,,,,,,,,0
87,,,,,,,,1,,,,,,,,1,,,,,,,,1,,,,,,,,1,,,,,,,,0,,,,,,,,0,,,,,,,,0,,,,,,,,0
88,,,,,,,,1,,,,,,,,1,,,,,,,,1,,,,,,,,1,,,,,,,,0,,,,,,,,0,,,,,,,,0,,,,,,,,0
89,,,,,,,,1,,,,,,,,1,,,,,,,,1,,,,,,,,1,,,,,,,,0,,,,,,,,0,,,,,,,,0,,,,,,,,0
90,,,,,,,,1,,,,,,,,1,,,,,,,,1,,,,,,,,1,,,,,,,,0,,,,,,,,0,,,,,,,,0,,,,,,,,0
91,,,,,,,,1,,,,,,,,1,,,,,,,,1,,,,,,,,1,,,,,,,,0,,,,,,,,0,,,,,,,,0,,,,,,,,0
92,,,,,,,,1,,,,,,,,1,,,,,,,,1,,,,,,,,1,,,,,,,,0,,,,,,,,0,,,,,,,,0,,,,,,,,0
93,,,,,,,,1,,,,,,,,1,,,,,,,,1,,,,,,,,1,,,,,,,,0,,,,,,,,0,,,,,,,,0,,,,,,,,0
94,,,,,,,,1,,,,,,,,1,,,,,,,,1,,,,,,,,1,,,,,,,,0,,,,,,,,0,,,,,,,,0,,,,,,,,0
95,,,,,,,,1,,,,,,,,1,,,,,,,,1,,,,,,,,1,,,,,,,,0,,,,,,,,0,,,,,,,,0,,,,,,,,0
96,,,,,,,,1,,,,,,,,1,,,,,,,,1,,,,,,,,1,,,,,,,,0,,,,,,,,0,,,,,,,,0,,,,,,,,0
97,,,,,,,,1,,,,,,,,1,,,,,,,,1,,,,,,,,1,,,,,,,,0,,,,,,,,0,,,,,,,,0,,,,,,,,0
98,,,,,,,,1,,,,,,,,1,,,,,,,,1,,,,,,,,1,,,,,,,,0,,,,,,,,0,,,,,,,,0,,,,,,,,0
99,,,,,,,,1,,,,,,,,1,,,,,,,,1,,,,,,,,1,,,,,,,,0,,,,,,,,0,,,,,,,,0,,,,,,,,0
100,,,,,,,,1,,,,,,,,1,,,,,,,,1,,,,,,,,1,,,,,,,,0,,,,,,,,0,,,,,,,,0,,,,,,,,0
101,,,,,,,,1,,,,,,,,1,,,,,,,,1,,,,,,,,1,,,,,,,,0,,,,,,,,0,,,,,,,,0,,,,,,,,0
102,,,,,,,,1,,,,,,,,1,,,,,,,,1,,,,,,,,1,,,,,,,,0,,,,,,,,0,,,,,,,,0,,,,,,,,0
103,,,,,,,,1,,,,,,,,1,,,,,,,,1,,,,,,,,1,,,,,,,,0,,,,,,,,0,,,,,,,,0,,,,,,,,0
104,,,,,,,,1,,,,,,,,1,,,,,,,,1,,,,,,,,1,,,,,,,,0,,,,,,,,0,,,,,,,,0,,,,,,,,0
105,,,,,,,,1,,,,,,,,1,,,,,,,,1,,,,,,,,1,,,,,,,,0,,,,,,,,0,,,,,,,,0,,,,,,,,0
106,,,,,,,,1,,,,,,,,1,,,,,,,,1,,,,,,,,1,,,,,,,,0,,,,,,,,0,,,,,,,,0,,,,,,,,0
107,,,,,,,,1,,,,,,,,1,,,,,,,,1,,,,,,,,1,,,,,,,,0,,,,,,,,0,,,,,,,,0,,,,,,,,0
108,,,,,,,,1,,,,,,,,1,,,,,,,,1,,,,,,,,1,,,,,,,,0,,,,,,,,0,,,,,,,,0,,,,,,,,0
109,0.0,0.0,0.0,0.0,0.0,0.0,0.0,10,0.0,0.0,0.0,0.0,0.0,0.0,0.0,10,0.26966392993927,0.010025705431234768,0.2497470378875732,0.2823867797851562,0.2717864513397217,0.2515928268432617,0.28128423094749444,10,0.0,0.0,0.0,0.0,0.0,0.0,0.0,10,,,,,,,,0,,,,,,,,0,,,,,,,,0,,,,,,,,0
110,,,,,,,,1,,,,,,,,1,,,,,,,,1,,,,,,,,1,,,,,,,,0,,,,,,,,0,,,,,,,,0,,,,,,,,0
111,,,,,,,,1,,,,,,,,1,,,,,,,,1,,,,,,,,1,,,,,,,,0,,,,,,,,0,,,,,,,,0,,,,,,,,0
112,,,,,,,,1,,,,,,,,1,,,,,,,,1,,,,,,,,1,,,,,,,,0,,,,,,,,0,,,,,,,,0,,,,,,,,0
113,,,,,,,,1,,,,,,,,1,,,,,,,,1,,,,,,,,1,,,,,,,,0,,,,,,,,0,,,,,,,,0,,,,,,,,0
114,,,,,,,,1,,,,,,,,1,,,,,,,,1,,,,,,,,1,,,,,,,,0,,,,,,,,0,,,,,,,,0,,,,,,,,0
115,0.0,0.0,0.0,0.0,0.0,0.0,0.0,10,0.0,0.0,0.0,0.0,0.0,0.0,0.0,10,0.37003982067108154,0.009051523358106047,0.3568830490112304,0.3841156959533691,0.3728982210159302,0.35736890435218804,0.38289786577224727,10,0.0,0.0,0.0,0.0,0.0,0.0,0.0,10,,,,,,,,0,,,,,,,,0,,,,,,,,0,,,,,,,,0
116,,,,,,,,1,,,,,,,,1,,,,,,,,1,,,,,,,,1,,,,,,,,0,,,,,,,,0,,,,,,,,0,,,,,,,,0
117,,,,,,,,1,,,,,,,,1,,,,,,,,1,,,,,,,,1,,,,,,,,0,,,,,,,,0,,,,,,,,0,,,,,,,,0
118,,,,,,,,1,,,,,,,,1,,,,,,,,1,,,,,,,,1,,,,,,,,0,,,,,,,,0,,,,,,,,0,,,,,,,,0
119,,,,,,,,1,,,,,,,,1,,,,,,,,1,,,,,,,,1,,,,,,,,0,,,,,,,,0,,,,,,,,0,,,,,,,,0
120,,,,,,,,1,,,,,,,,1,,,,,,,,1,,,,,,,,1,,,,,,,,0,,,,,,,,0,,,,,,,,0,,,,,,,,0
121,,,,,,,,1,,,,,,,,1,,,,,,,,1,,,,,,,,1,,,,,,,,0,,,,,,,,0,,,,,,,,0,,,,,,,,0
122,,,,,,,,1,,,,,,,,1,,,,,,,,1,,,,,,,,1,,,,,,,,0,,,,,,,,0,,,,,,,,0,,,,,,,,0
123,,,,,,,,1,,,,,,,,1,,,,,,,,1,,,,,,,,1,,,,,,,,0,,,,,,,,0,,,,,,,,0,,,,,,,,0
124,,,,,,,,1,,,,,,,,1,,,,,,,,1,,,,,,,,1,,,,,,,,0,,,,,,,,0,,,,,,,,0,,,,,,,,0
125,,,,,,,,1,,,,,,,,1,,,,,,,,1,,,,,,,,1,,,,,,,,0,,,,,,,,0,,,,,,,,0,,,,,,,,0
126,,,,,,,,1,,,,,,,,1,,,,,,,,1,,,,,,,,1,,,,,,,,0,,,,,,,,0,,,,,,,,0,,,,,,,,0
127,,,,,,,,1,,,,,,,,1,,,,,,,,1,,,,,,,,1,,,,,,,,0,,,,,,,,0,,,,,,,,0,,,,,,,,0
128,,,,,,,,1,,,,,,,,1,,,,,,,,1,,,,,,,,1,,,,,,,,0,,,,,,,,0,,,,,,,,0,,,,,,,,0
129,,,,,,,,1,,,,,,,,1,,,,,,,,1,,,,,,,,1,,,,,,,,0,,,,,,,,0,,,,,,,,0,,,,,,,,0
130,,,,,,,,1,,,,,,,,1,,,,,,,,1,,,,,,,,1,,,,,,,,0,,,,,,,,0,,,,,,,,0,,,,,,,,0
131,,,,,,,,1,,,,,,,,1,,,,,,,,1,,,,,,,,1,,,,,,,,0,,,,,,,,0,,,,,,,,0,,,,,,,,0
132,,,,,,,,1,,,,,,,,1,,,,,,,,1,,,,,,,,1,,,,,,,,0,,,,,,,,0,,,,,,,,0,,,,,,,,0
133,,,,,,,,1,,,,,,,,1,,,,,,,,1,,,,,,,,1,,,,,,,,0,,,,,,,,0,,,,,,,,0,,,,,,,,0
134,,,,,,,,1,,,,,,,,1,,,,,,,,1,,,,,,,,1,,,,,,,,0,,,,,,,,0,,,,,,,,0,,,,,,,,0
135,,,,,,,,1,,,,,,,,1,,,,,,,,1,,,,,,,,1,,,,,,,,0,,,,,,,,0,,,,,,,,0,,,,,,,,0
136,,,,,,,,1,,,,,,,,1,,,,,,,,1,,,,,,,,1,,,,,,,,0,,,,,,,,0,,,,,,,,0,,,,,,,,0
137,,,,,,,,1,,,,,,,,1,,,,,,,,1,,,,,,,,1,,,,,,,,0,,,,,,,,0,,,,,,,,0,,,,,,,,0
138,,,,,,,,1,,,,,,,,1,,,,,,,,1,,,,,,,,1,,,,,,,,0,,,,,,,,0,,,,,,,,0,,,,,,,,0
139,,,,,,,,1,,,,,,,,1,,,,,,,,1,,,,,,,,1,,,,,,,,0,,,,,,,,0,,,,,,,,0,,,,,,,,0
140,,,,,,,,1,,,,,,,,1,,,,,,,,1,,,,,,,,1,,,,,,,,0,,,,,,,,0,,,,,,,,0,,,,,,,,0
141,,,,,,,,1,,,,,,,,1,,,,,,,,1,,,,,,,,1,,,,,,,,0,,,,,,,,0,,,,,,,,0,,,,,,,,0
142,,,,,,,,1,,,,,,,,1,,,,,,,,1,,,,,,,,1,,,,,,,,0,,,,,,,,0,,,,,,,,0,,,,,,,,0
143,,,,,,,,1,,,,,,,,1,,,,,,,,1,,,,,,,,1,,,,,,,,0,,,,,,,,0,,,,,,,,0,,,,,,,,0
144,,,,,,,,1,,,,,,,,1,,,,,,,,1,,,,,,,,1,,,,,,,,0,,,,,,,,0,,,,,,,,0,,,,,,,,0
145,,,,,,,,1,,,,,,,,1,,,,,,,,1,,,,,,,,1,,,,,,,,0,,,,,,,,0,,,,,,,,0,,,,,,,,0
146,,,,,,,,1,,,,,,,,1,,,,,,,,1,,,,,,,,1,,,,,,,,0,,,,,,,,0,,,,,,,,0,,,,,,,,0
147,,,,,,,,1,,,,,,,,1,,,,,,,,1,,,,,,,,1,,,,,,,,0,,,,,,,,0,,,,,,,,0,,,,,,,,0
148,,,,,,,,1,,,,,,,,1,,,,,,,,1,,,,,,,,1,,,,,,,,0,,,,,,,,0,,,,,,,,0,,,,,,,,0
149,,,,,,,,1,,,,,,,,1,,,,,,,,1,,,,,,,,1,,,,,,,,0,,,,,,,,0,,,,,,,,0,,,,,,,,0
150,,,,,,,,1,,,,,,,,1,,,,,,,,1,,,,,,,,1,,,,,,,,0,,,,,,,,0,,,,,,,,0,,,,,,,,0
151,,,,,,,,1,,,,,,,,1,,,,,,,,1,,,,,,,,1,,,,,,,,0,,,,,,,,0,,,,,,,,0,,,,,,,,0
152,,,,,,,,1,,,,,,,,1,,,,,,,,1,,,,,,,,1,,,,,,,,0,,,,,,,,0,,,,,,,,0,,,,,,,,0
153,,,,,,,,1,,,,,,,,1,,,,,,,,1,,,,,,,,1,,,,,,,,0,,,,,,,,0,,,,,,,,0,,,,,,,,0
154,,,,,,,,1,,,,,,,,1,,,,,,,,1,,,,,,,,1,,,,,,,,0,,,,,,,,0,,,,,,,,0,,,,,,,,0
155,,,,,,,,1,,,,,,,,1,,,,,,,,1,,,,,,,,1,,,,,,,,0,,,,,,,,0,,,,,,,,0,,,,,,,,0
156,,,,,,,,1,,,,,,,,1,,,,,,,,1,,,,,,,,1,,,,,,,,0,,,,,,,,0,,,,,,,,0,,,,,,,,0
157,,,,,,,,1,,,,,,,,1,,,,,,,,1,,,,,,,,1,,,,,,,,0,,,,,,,,0,,,,,,,,0,,,,,,,,0
158,,,,,,,,1,,,,,,,,1,,,,,,,,1,,,,,,,,1,,,,,,,,0,,,,,,,,0,,,,,,,,0,,,,,,,,0
159,,,,,,,,1,,,,,,,,1,,,,,,,,1,,,,,,,,1,,,,,,,,0,,,,,,,,0,,,,,,,,0,,,,,,,,0
160,,,,,,,,1,,,,,,,,1,,,,,,,,1,,,,,,,,1,,,,,,,,0,,,,,,,,0,,,,,,,,0,,,,,,,,0
161,,,,,,,,1,,,,,,,,1,,,,,,,,1,,,,,,,,1,,,,,,,,0,,,,,,,,0,,,,,,,,0,,,,,,,,0
162,,,,,,,,1,,,,,,,,1,,,,,,,,1,,,,,,,,1,,,,,,,,0,,,,,,,,0,,,,,,,,0,,,,,,,,0
163,,,,,,,,1,,,,,,,,1,,,,,,,,1,,,,,,,,1,,,,,,,,0,,,,,,,,0,,,,,,,,0,,,,,,,,0
164,,,,,,,,1,,,,,,,,1,,,,,,,,1,,,,,,,,1,,,,,,,,0,,,,,,,,0,,,,,,,,0,,,,,,,,0
165,,,,,,,,1,,,,,,,,1,,,,,,,,1,,,,,,,,1,,,,,,,,0,,,,,,,,0,,,,,,,,0,,,,,,,,0
166,0.0,0.0,0.0,0.0,0.0,0.0,0.0,10,0.12807017543859642,0.07212212207401568,0.1052631578947368,0.3333333333333333,0.1052631578947368,0.1052631578947368,0.28201754385964917,10,0.5360076427459717,0.015295978230453894,0.5127279758453369,0.5588619709014893,0.5381163358688354,0.5127358615398407,0.5571026563644409,10,0.0,0.0,0.0,0.0,0.0,0.0,0.0,10,,,,,,,,0,,,,,,,,0,,,,,,,,0,,,,,,,,0
167,,,,,,,,1,,,,,,,,1,,,,,,,,1,,,,,,,,1,,,,,,,,0,,,,,,,,0,,,,,,,,0,,,,,,,,0
168,,,,,,,,1,,,,,,,,1,,,,,,,,1,,,,,,,,1,,,,,,,,0,,,,,,,,0,,,,,,,,0,,,,,,,,0
169,,,,,,,,1,,,,,,,,1,,,,,,,,1,,,,,,,,1,,,,,,,,0,,,,,,,,0,,,,,,,,0,,,,,,,,0
170,,,,,,,,1,,,,,,,,1,,,,,,,,1,,,,,,,,1,,,,,,,,0,,,,,,,,0,,,,,,,,0,,,,,,,,0
171,,,,,,,,1,,,,,,,,1,,,,,,,,1,,,,,,,,1,,,,,,,,0,,,,,,,,0,,,,,,,,0,,,,,,,,0
172,,,,,,,,1,,,,,,,,1,,,,,,,,1,,,,,,,,1,,,,,,,,0,,,,,,,,0,,,,,,,,0,,,,,,,,0
173,,,,,,,,1,,,,,,,,1,,,,,,,,1,,,,,,,,1,,,,,,,,0,,,,,,,,0,,,,,,,,0,,,,,,,,0
174,,,,,,,,1,,,,,,,,1,,,,,,,,1,,,,,,,,1,,,,,,,,0,,,,,,,,0,,,,,,,,0,,,,,,,,0
175,,,,,,,,1,,,,,,,,1,,,,,,,,1,,,,,,,,1,,,,,,,,0,,,,,,,,0,,,,,,,,0,,,,,,,,0
176,,,,,,,,1,,,,,,,,1,,,,,,,,1,,,,,,,,1,,,,,,,,0,,,,,,,,0,,,,,,,,0,,,,,,,,0
177,,,,,,,,1,,,,,,,,1,,,,,,,,1,,,,,,,,1,,,,,,,,0,,,,,,,,0,,,,,,,,0,,,,,,,,0
178,,,,,,,,1,,,,,,,,1,,,,,,,,1,,,,,,,,1,,,,,,,,0,,,,,,,,0,,,,,,,,0,,,,,,,,0
179,,,,,,,,1,,,,,,,,1,,,,,,,,1,,,,,,,,1,,,,,,,,0,,,,,,,,0,,,,,,,,0,,,,,,,,0
180,,,,,,,,1,,,,,,,,1,,,,,,,,1,,,,,,,,1,,,,,,,,0,,,,,,,,0,,,,,,,,0,,,,,,,,0
181,,,,,,,,1,,,,,,,,1,,,,,,,,1,,,,,,,,1,,,,,,,,0,,,,,,,,0,,,,,,,,0,,,,,,,,0
182,,,,,,,,1,,,,,,,,1,,,,,,,,1,,,,,,,,1,,,,,,,,0,,,,,,,,0,,,,,,,,0,,,,,,,,0
183,,,,,,,,1,,,,,,,,1,,,,,,,,1,,,,,,,,1,,,,,,,,0,,,,,,,,0,,,,,,,,0,,,,,,,,0
184,,,,,,,,1,,,,,,,,1,,,,,,,,1,,,,,,,,1,,,,,,,,0,,,,,,,,0,,,,,,,,0,,,,,,,,0
185,,,,,,,,1,,,,,,,,1,,,,,,,,1,,,,,,,,1,,,,,,,,0,,,,,,,,0,,,,,,,,0,,,,,,,,0
186,,,,,,,,1,,,,,,,,1,,,,,,,,1,,,,,,,,1,,,,,,,,0,,,,,,,,0,,,,,,,,0,,,,,,,,0
187,,,,,,,,1,,,,,,,,1,,,,,,,,1,,,,,,,,1,,,,,,,,0,,,,,,,,0,,,,,,,,0,,,,,,,,0
188,,,,,,,,1,,,,,,,,1,,,,,,,,1,,,,,,,,1,,,,,,,,0,,,,,,,,0,,,,,,,,0,,,,,,,,0
189,,,,,,,,1,,,,,,,,1,,,,,,,,1,,,,,,,,1,,,,,,,,0,,,,,,,,0,,,,,,,,0,,,,,,,,0
190,,,,,,,,1,,,,,,,,1,,,,,,,,1,,,,,,,,1,,,,,,,,0,,,,,,,,0,,,,,,,,0,,,,,,,,0
191,,,,,,,,1,,,,,,,,1,,,,,,,,1,,,,,,,,1,,,,,,,,0,,,,,,,,0,,,,,,,,0,,,,,,,,0
192,,,,,,,,1,,,,,,,,1,,,,,,,,1,,,,,,,,1,,,,,,,,0,,,,,,,,0,,,,,,,,0,,,,,,,,0
193,0.0,0.0,0.0,0.0,0.0,0.0,0.0,10,0.8571428571428571,0.0,0.8571428571428571,0.8571428571428571,0.8571428571428571,0.8571428571428571,0.8571428571428571,10,0.22545168399810786,0.011038453850734717,0.2071547508239746,0.2391219139099121,0.22779726982116694,0.20805908441543577,0.23880611062049867,10,0.0,0.0,0.0,0.0,0.0,0.0,0.0,10,,,,,,,,0,,,,,,,,0,,,,,,,,0,,,,,,,,0
194,,,,,,,,1,,,,,,,,1,,,,,,,,1,,,,,,,,1,,,,,,,,0,,,,,,,,0,,,,,,,,0,,,,,,,,0
195,,,,,,,,1,,,,,,,,1,,,,,,,,1,,,,,,,,1,,,,,,,,0,,,,,,,,0,,,,,,,,0,,,,,,,,0
196,,,,,,,,1,,,,,,,,1,,,,,,,,1,,,,,,,,1,,,,,,,,0,,,,,,,,0,,,,,,,,0,,,,,,,,0
197,,,,,,,,1,,,,,,,,1,,,,,,,,1,,,,,,,,1,,,,,,,,0,,,,,,,,0,,,,,,,,0,,,,,,,,0
198,,,,,,,,1,,,,,,,,1,,,,,,,,1,,,,,,,,1,,,,,,,,0,,,,,,,,0,,,,,,,,0,,,,,,,,0
199,,,,,,,,1,,,,,,,,1,,,,,,,,1,,,,,,,,1,,,,,,,,0,,,,,,,,0,,,,,,,,0,,,,,,,,0
200,,,,,,,,1,,,,,,,,1,,,,,,,,1,,,,,,,,1,,,,,,,,0,,,,,,,,0,,,,,,,,0,,,,,,,,0
201,,,,,,,,1,,,,,,,,1,,,,,,,,1,,,,,,,,1,,,,,,,,0,,,,,,,,0,,,,,,,,0,,,,,,,,0
202,,,,,,,,1,,,,,,,,1,,,,,,,,1,,,,,,,,1,,,,,,,,0,,,,,,,,0,,,,,,,,0,,,,,,,,0
203,,,,,,,,1,,,,,,,,1,,,,,,,,1,,,,,,,,1,,,,,,,,0,,,,,,,,0,,,,,,,,0,,,,,,,,0
204,,,,,,,,1,,,,,,,,1,,,,,,,,1,,,,,,,,1,,,,,,,,0,,,,,,,,0,,,,,,,,0,,,,,,,,0
205,,,,,,,,1,,,,,,,,1,,,,,,,,1,,,,,,,,1,,,,,,,,0,,,,,,,,0,,,,,,,,0,,,,,,,,0
206,,,,,,,,1,,,,,,,,1,,,,,,,,1,,,,,,,,1,,,,,,,,0,,,,,,,,0,,,,,,,,0,,,,,,,,0
207,,,,,,,,1,,,,,,,,1,,,,,,,,1,,,,,,,,1,,,,,,,,0,,,,,,,,0,,,,,,,,0,,,,,,,,0
208,,,,,,,,1,,,,,,,,1,,,,,,,,1,,,,,,,,1,,,,,,,,0,,,,,,,,0,,,,,,,,0,,,,,,,,0
209,,,,,,,,1,,,,,,,,1,,,,,,,,1,,,,,,,,1,,,,,,,,0,,,,,,,,0,,,,,,,,0,,,,,,,,0
210,,,,,,,,1,,,,,,,,1,,,,,,,,1,,,,,,,,1,,,,,,,,0,,,,,,,,0,,,,,,,,0,,,,,,,,0
211,,,,,,,,1,,,,,,,,1,,,,,,,,1,,,,,,,,1,,,,,,,,0,,,,,,,,0,,,,,,,,0,,,,,,,,0
212,,,,,,,,1,,,,,,,,1,,,,,,,,1,,,,,,,,1,,,,,,,,0,,,,,,,,0,,,,,,,,0,,,,,,,,0
213,,,,,,,,1,,,,,,,,1,,,,,,,,1,,,,,,,,1,,,,,,,,0,,,,,,,,0,,,,,,,,0,,,,,,,,0
214,,,,,,,,1,,,,,,,,1,,,,,,,,1,,,,,,,,1,,,,,,,,0,,,,,,,,0,,,,,,,,0,,,,,,,,0
215,,,,,,,,1,,,,,,,,1,,,,,,,,1,,,,,,,,1,,,,,,,,0,,,,,,,,0,,,,,,,,0,,,,,,,,0
216,,,,,,,,1,,,,,,,,1,,,,,,,,1,,,,,,,,1,,,,,,,,0,,,,,,,,0,,,,,,,,0,,,,,,,,0
217,,,,,,,,1,,,,,,,,1,,,,,,,,1,,,,,,,,1,,,,,,,,0,,,,,,,,0,,,,,,,,0,,,,,,,,0
218,,,,,,,,1,,,,,,,,1,,,,,,,,1,,,,,,,,1,,,,,,,,0,,,,,,,,0,,,,,,,,0,,,,,,,,0
219,,,,,,,,1,,,,,,,,1,,,,,,,,1,,,,,,,,1,,,,,,,,0,,,,,,,,0,,,,,,,,0,,,,,,,,0
220,,,,,,,,1,,,,,,,,1,,,,,,,,1,,,,,,,,1,,,,,,,,0,,,,,,,,0,,,,,,,,0,,,,,,,,0
221,,,,,,,,1,,,,,,,,1,,,,,,,,1,,,,,,,,1,,,,,,,,0,,,,,,,,0,,,,,,,,0,,,,,,,,0
222,,,,,,,,1,,,,,,,,1,,,,,,,,1,,,,,,,,1,,,,,,,,0,,,,,,,,0,,,,,,,,0,,,,,,,,0
223,,,,,,,,1,,,,,,,,1,,,,,,,,1,,,,,,,,1,,,,,,,,0,,,,,,,,0,,,,,,,,0,,,,,,,,0
224,,,,,,,,1,,,,,,,,1,,,,,,,,1,,,,,,,,1,,,,,,,,0,,,,,,,,0,,,,,,,,0,,,,,,,,0
225,,,,,,,,1,,,,,,,,1,,,,,,,,1,,,,,,,,1,,,,,,,,0,,,,,,,,0,,,,,,,,0,,,,,,,,0
226,,,,,,,,1,,,,,,,,1,,,,,,,,1,,,,,,,,1,,,,,,,,0,,,,,,,,0,,,,,,,,0,,,,,,,,0
227,,,,,,,,1,,,,,,,,1,,,,,,,,1,,,,,,,,1,,,,,,,,0,,,,,,,,0,,,,,,,,0,,,,,,,,0
228,,,,,,,,1,,,,,,,,1,,,,,,,,1,,,,,,,,1,,,,,,,,0,,,,,,,,0,,,,,,,,0,,,,,,,,0
229,,,,,,,,1,,,,,,,,1,,,,,,,,1,,,,,,,,1,,,,,,,,0,,,,,,,,0,,,,,,,,0,,,,,,,,0
230,,,,,,,,1,,,,,,,,1,,,,,,,,1,,,,,,,,1,,,,,,,,0,,,,,,,,0,,,,,,,,0,,,,,,,,0
231,,,,,,,,1,,,,,,,,1,,,,,,,,1,,,,,,,,1,,,,,,,,0,,,,,,,,0,,,,,,,,0,,,,,,,,0
232,,,,,,,,1,,,,,,,,1,,,,,,,,1,,,,,,,,1,,,,,,,,0,,,,,,,,0,,,,,,,,0,,,,,,,,0
233,,,,,,,,1,,,,,,,,1,,,,,,,,1,,,,,,,,1,,,,,,,,0,,,,,,,,0,,,,,,,,0,,,,,,,,0
234,,,,,,,,1,,,,,,,,1,,,,,,,,1,,,,,,,,1,,,,,,,,0,,,,,,,,0,,,,,,,,0,,,,,,,,0
235,,,,,,,,1,,,,,,,,1,,,,,,,,1,,,,,,,,1,,,,,,,,0,,,,,,,,0,,,,,,,,0,,,,,,,,0
236,,,,,,,,1,,,,,,,,1,,,,,,,,1,,,,,,,,1,,,,,,,,0,,,,,,,,0,,,,,,,,0,,,,,,,,0
237,,,,,,,,1,,,,,,,,1,,,,,,,,1,,,,,,,,1,,,,,,,,0,,,,,,,,0,,,,,,,,0,,,,,,,,0
238,,,,,,,,1,,,,,,,,1,,,,,,,,1,,,,,,,,1,,,,,,,,0,,,,,,,,0,,,,,,,,0,,,,,,,,0
239,,,,,,,,1,,,,,,,,1,,,,,,,,1,,,,,,,,1,,,,,,,,0,,,,,,,,0,,,,,,,,0,,,,,,,,0
240,,,,,,,,1,,,,,,,,1,,,,,,,,1,,,,,,,,1,,,,,,,,0,,,,,,,,0,,,,,,,,0,,,,,,,,0
241,,,,,,,,1,,,,,,,,1,,,,,,,,1,,,,,,,,1,,,,,,,,0,,,,,,,,0,,,,,,,,0,,,,,,,,0
242,,,,,,,,1,,,,,,,,1,,,,,,,,1,,,,,,,,1,,,,,,,,0,,,,,,,,0,,,,,,,,0,,,,,,,,0
243,,,,,,,,1,,,,,,,,1,,,,,,,,1,,,,,,,,1,,,,,,,,0,,,,,,,,0,,,,,,,,0,,,,,,,,0
244,,,,,,,,1,,,,,,,,1,,,,,,,,1,,,,,,,,1,,,,,,,,0,,,,,,,,0,,,,,,,,0,,,,,,,,0
245,0.0,0.0,0.0,0.0,0.0,0.0,0.0,10,0.0,0.0,0.0,0.0,0.0,0.0,0.0,10,0.3279204130172729,0.010048044057428823,0.3037419319152832,0.338674783706665,0.33007061481475825,0.3077729165554047,0.33818055987358087,10,0.0,0.0,0.0,0.0,0.0,0.0,0.0,10,,,,,,,,0,,,,,,,,0,,,,,,,,0,,,,,,,,0
246,,,,,,,,1,,,,,,,,1,,,,,,,,1,,,,,,,,1,,,,,,,,0,,,,,,,,0,,,,,,,,0,,,,,,,,0
247,,,,,,,,1,,,,,,,,1,,,,,,,,1,,,,,,,,1,,,,,,,,0,,,,,,,,0,,,,,,,,0,,,,,,,,0
248,,,,,,,,1,,,,,,,,1,,,,,,,,1,,,,,,,,1,,,,,,,,0,,,,,,,,0,,,,,,,,0,,,,,,,,0
249,,,,,,,,1,,,,,,,,1,,,,,,,,1,,,,,,,,1,,,,,,,,0,,,,,,,,0,,,,,,,,0,,,,,,,,0
250,,,,,,,,1,,,,,,,,1,,,,,,,,1,,,,,,,,1,,,,,,,,0,,,,,,,,0,,,,,,,,0,,,,,,,,0
251,,,,,,,,1,,,,,,,,1,,,,,,,,1,,,,,,,,1,,,,,,,,0,,,,,,,,0,,,,,,,,0,,,,,,,,0
252,,,,,,,,1,,,,,,,,1,,,,,,,,1,,,,,,,,1,,,,,,,,0,,,,,,,,0,,,,,,,,0,,,,,,,,0
253,,,,,,,,1,,,,,,,,1,,,,,,,,1,,,,,,,,1,,,,,,,,0,,,,,,,,0,,,,,,,,0,,,,,,,,0
254,,,,,,,,1,,,,,,,,1,,,,,,,,1,,,,,,,,1,,,,,,,,0,,,,,,,,0,,,,,,,,0,,,,,,,,0
255,,,,,,,,1,,,,,,,,1,,,,,,,,1,,,,,,,,1,,,,,,,,0,,,,,,,,0,,,,,,,,0,,,,,,,,0
256,,,,,,,,1,,,,,,,,1,,,,,,,,1,,,,,,,,1,,,,,,,,0,,,,,,,,0,,,,,,,,0,,,,,,,,0
257,,,,,,,,1,,,,,,,,1,,,,,,,,1,,,,,,,,1,,,,,,,,0,,,,,,,,0,,,,,,,,0,,,,,,,,0
258,,,,,,,,1,,,,,,,,1,,,,,,,,1,,,,,,,,1,,,,,,,,0,,,,,,,,0,,,,,,,,0,,,,,,,,0
259,,,,,,,,1,,,,,,,,1,,,,,,,,1,,,,,,,,1,,,,,,,,0,,,,,,,,0,,,,,,,,0,,,,,,,,0
260,,,,,,,,1,,,,,,,,1,,,,,,,,1,,,,,,,,1,,,,,,,,0,,,,,,,,0,,,,,,,,0,,,,,,,,0
261,,,,,,,,1,,,,,,,,1,,,,,,,,1,,,,,,,,1,,,,,,,,0,,,,,,,,0,,,,,,,,0,,,,,,,,0
262,,,,,,,,1,,,,,,,,1,,,,,,,,1,,,,,,,,1,,,,,,,,0,,,,,,,,0,,,,,,,,0,,,,,,,,0
263,,,,,,,,1,,,,,,,,1,,,,,,,,1,,,,,,,,1,,,,,,,,0,,,,,,,,0,,,,,,,,0,,,,,,,,0
264,,,,,,,,1,,,,,,,,1,,,,,,,,1,,,,,,,,1,,,,,,,,0,,,,,,,,0,,,,,,,,0,,,,,,,,0
265,,,,,,,,1,,,,,,,,1,,,,,,,,1,,,,,,,,1,,,,,,,,0,,,,,,,,0,,,,,,,,0,,,,,,,,0
266,,,,,,,,1,,,,,,,,1,,,,,,,,1,,,,,,,,1,,,,,,,,0,,,,,,,,0,,,,,,,,0,,,,,,,,0
267,,,,,,,,1,,,,,,,,1,,,,,,,,1,,,,,,,,1,,,,,,,,0,,,,,,,,0,,,,,,,,0,,,,,,,,0
268,,,,,,,,1,,,,,,,,1,,,,,,,,1,,,,,,,,1,,,,,,,,0,,,,,,,,0,,,,,,,,0,,,,,,,,0
269,,,,,,,,1,,,,,,,,1,,,,,,,,1,,,,,,,,1,,,,,,,,0,,,,,,,,0,,,,,,,,0,,,,,,,,0
270,,,,,,,,1,,,,,,,,1,,,,,,,,1,,,,,,,,1,,,,,,,,0,,,,,,,,0,,,,,,,,0,,,,,,,,0
271,,,,,,,,1,,,,,,,,1,,,,,,,,1,,,,,,,,1,,,,,,,,0,,,,,,,,0,,,,,,,,0,,,,,,,,0
272,,,,,,,,1,,,,,,,,1,,,,,,,,1,,,,,,,,1,,,,,,,,0,,,,,,,,0,,,,,,,,0,,,,,,,,0
273,,,,,,,,1,,,,,,,,1,,,,,,,,1,,,,,,,,1,,,,,,,,0,,,,,,,,0,,,,,,,,0,,,,,,,,0
274,,,,,,,,1,,,,,,,,1,,,,,,,,1,,,,,,,,1,,,,,,,,0,,,,,,,,0,,,,,,,,0,,,,,,,,0
275,,,,,,,,1,,,,,,,,1,,,,,,,,1,,,,,,,,1,,,,,,,,0,,,,,,,,0,,,,,,,,0,,,,,,,,0
276,,,,,,,,1,,,,,,,,1,,,,,,,,1,,,,,,,,1,,,,,,,,0,,,,,,,,0,,,,,,,,0,,,,,,,,0
277,,,,,,,,1,,,,,,,,1,,,,,,,,1,,,,,,,,1,,,,,,,,0,,,,,,,,0,,,,,,,,0,,,,,,,,0
278,,,,,,,,1,,,,,,,,1,,,,,,,,1,,,,,,,,1,,,,,,,,0,,,,,,,,0,,,,,,,,0,,,,,,,,0
279,,,,,,,,1,,,,,,,,1,,,,,,,,1,,,,,,,,1,,,,,,,,0,,,,,,,,0,,,,,,,,0,,,,,,,,0
280,,,,,,,,1,,,,,,,,1,,,,,,,,1,,,,,,,,1,,,,,,,,0,,,,,,,,0,,,,,,,,0,,,,,,,,0
281,,,,,,,,1,,,,,,,,1,,,,,,,,1,,,,,,,,1,,,,,,,,0,,,,,,,,0,,,,,,,,0,,,,,,,,0
282,,,,,,,,1,,,,,,,,1,,,,,,,,1,,,,,,,,1,,,,,,,,0,,,,,,,,0,,,,,,,,0,,,,,,,,0
283,,,,,,,,1,,,,,,,,1,,,,,,,,1,,,,,,,,1,,,,,,,,0,,,,,,,,0,,,,,,,,0,,,,,,,,0
284,,,,,,,,1,,,,,,,,1,,,,,,,,1,,,,,,,,1,,,,,,,,0,,,,,,,,0,,,,,,,,0,,,,,,,,0
285,,,,,,,,1,,,,,,,,1,,,,,,,,1,,,,,,,,1,,,,,,,,0,,,,,,,,0,,,,,,,,0,,,,,,,,0
286,0.0,0.0,0.0,0.0,0.0,0.0,0.0,10,0.0,0.0,0.0,0.0,0.0,0.0,0.0,10,0.287165904045105,0.008877586548666435,0.2748785018920898,0.2988510131835937,0.2833831310272217,0.2758645892143249,0.29852700233459467,10,0.0,0.0,0.0,0.0,0.0,0.0,0.0,10,,,,,,,,0,,,,,,,,0,,,,,,,,0,,,,,,,,0
287,,,,,,,,1,,,,,,,,1,,,,,,,,1,,,,,,,,1,,,,,,,,0,,,,,,,,0,,,,,,,,0,,,,,,,,0
288,,,,,,,,1,,,,,,,,1,,,,,,,,1,,,,,,,,1,,,,,,,,0,,,,,,,,0,,,,,,,,0,,,,,,,,0
289,,,,,,,,1,,,,,,,,1,,,,,,,,1,,,,,,,,1,,,,,,,,0,,,,,,,,0,,,,,,,,0,,,,,,,,0
290,,,,,,,,1,,,,,,,,1,,,,,,,,1,,,,,,,,1,,,,,,,,0,,,,,,,,0,,,,,,,,0,,,,,,,,0
291,,,,,,,,1,,,,,,,,1,,,,,,,,1,,,,,,,,1,,,,,,,,0,,,,,,,,0,,,,,,,,0,,,,,,,,0
292,,,,,,,,1,,,,,,,,1,,,,,,,,1,,,,,,,,1,,,,,,,,0,,,,,,,,0,,,,,,,,0,,,,,,,,0
293,,,,,,,,1,,,,,,,,1,,,,,,,,1,,,,,,,,1,,,,,,,,0,,,,,,,,0,,,,,,,,0,,,,,,,,0
294,,,,,,,,1,,,,,,,,1,,,,,,,,1,,,,,,,,1,,,,,,,,0,,,,,,,,0,,,,,,,,0,,,,,,,,0
295,,,,,,,,1,,,,,,,,1,,,,,,,,1,,,,,,,,1,,,,,,,,0,,,,,,,,0,,,,,,,,0,,,,,,,,0
296,,,,,,,,1,,,,,,,,1,,,,,,,,1,,,,,,,,1,,,,,,,,0,,,,,,,,0,,,,,,,,0,,,,,,,,0
297,,,,,,,,1,,,,,,,,1,,,,,,,,1,,,,,,,,1,,,,,,,,0,,,,,,,,0,,,,,,,,0,,,,,,,,0
298,,,,,,,,1,,,,,,,,1,,,,,,,,1,,,,,,,,1,,,,,,,,0,,,,,,,,0,,,,,,,,0,,,,,,,,0
299,,,,,,,,1,,,,,,,,1,,,,,,,,1,,,,,,,,1,,,,,,,,0,,,,,,,,0,,,,,,,,0,,,,,,,,0
300,,,,,,,,1,,,,,,,,1,,,,,,,,1,,,,,,,,1,,,,,,,,0,,,,,,,,0,,,,,,,,0,,,,,,,,0
301,,,,,,,,1,,,,,,,,1,,,,,,,,1,,,,,,,,1,,,,,,,,0,,,,,,,,0,,,,,,,,0,,,,,,,,0
302,,,,,,,,1,,,,,,,,1,,,,,,,,1,,,,,,,,1,,,,,,,,0,,,,,,,,0,,,,,,,,0,,,,,,,,0
303,,,,,,,,1,,,,,,,,1,,,,,,,,1,,,,,,,,1,,,,,,,,0,,,,,,,,0,,,,,,,,0,,,,,,,,0
304,,,,,,,,1,,,,,,,,1,,,,,,,,1,,,,,,,,1,,,,,,,,0,,,,,,,,0,,,,,,,,0,,,,,,,,0
305,,,,,,,,1,,,,,,,,1,,,,,,,,1,,,,,,,,1,,,,,,,,0,,,,,,,,0,,,,,,,,0,,,,,,,,0
306,,,,,,,,1,,,,,,,,1,,,,,,,,1,,,,,,,,1,,,,,,,,0,,,,,,,,0,,,,,,,,0,,,,,,,,0
307,,,,,,,,1,,,,,,,,1,,,,,,,,1,,,,,,,,1,,,,,,,,0,,,,,,,,0,,,,,,,,0,,,,,,,,0
308,,,,,,,,1,,,,,,,,1,,,,,,,,1,,,,,,,,1,,,,,,,,0,,,,,,,,0,,,,,,,,0,,,,,,,,0
309,,,,,,,,1,,,,,,,,1,,,,,,,,1,,,,,,,,1,,,,,,,,0,,,,,,,,0,,,,,,,,0,,,,,,,,0
310,,,,,,,,1,,,,,,,,1,,,,,,,,1,,,,,,,,1,,,,,,,,0,,,,,,,,0,,,,,,,,0,,,,,,,,0
311,,,,,,,,1,,,,,,,,1,,,,,,,,1,,,,,,,,1,,,,,,,,0,,,,,,,,0,,,,,,,,0,,,,,,,,0
312,,,,,,,,1,,,,,,,,1,,,,,,,,1,,,,,,,,1,,,,,,,,0,,,,,,,,0,,,,,,,,0,,,,,,,,0
313,,,,,,,,1,,,,,,,,1,,,,,,,,1,,,,,,,,1,,,,,,,,0,,,,,,,,0,,,,,,,,0,,,,,,,,0
314,,,,,,,,1,,,,,,,,1,,,,,,,,1,,,,,,,,1,,,,,,,,0,,,,,,,,0,,,,,,,,0,,,,,,,,0
315,,,,,,,,1,,,,,,,,1,,,,,,,,1,,,,,,,,1,,,,,,,,0,,,,,,,,0,,,,,,,,0,,,,,,,,0
316,,,,,,,,1,,,,,,,,1,,,,,,,,1,,,,,,,,1,,,,,,,,0,,,,,,,,0,,,,,,,,0,,,,,,,,0
317,,,,,,,,1,,,,,,,,1,,,,,,,,1,,,,,,,,1,,,,,,,,0,,,,,,,,0,,,,,,,,0,,,,,,,,0
318,,,,,,,,1,,,,,,,,1,,,,,,,,1,,,,,,,,1,,,,,,,,0,,,,,,,,0,,,,,,,,0,,,,,,,,0
319,,,,,,,,1,,,,,,,,1,,,,,,,,1,,,,,,,,1,,,,,,,,0,,,,,,,,0,,,,,,,,0,,,,,,,,0
320,,,,,,,,1,,,,,,,,1,,,,,,,,1,,,,,,,,1,,,,,,,,0,,,,,,,,0,,,,,,,,0,,,,,,,,0
321,,,,,,,,1,,,,,,,,1,,,,,,,,1,,,,,,,,1,,,,,,,,0,,,,,,,,0,,,,,,,,0,,,,,,,,0
322,,,,,,,,1,,,,,,,,1,,,,,,,,1,,,,,,,,1,,,,,,,,0,,,,,,,,0,,,,,,,,0,,,,,,,,0
323,,,,,,,,1,,,,,,,,1,,,,,,,,1,,,,,,,,1,,,,,,,,0,,,,,,,,0,,,,,,,,0,,,,,,,,0
324,,,,,,,,1,,,,,,,,1,,,,,,,,1,,,,,,,,1,,,,,,,,0,,,,,,,,0,,,,,,,,0,,,,,,,,0
325,,,,,,,,1,,,,,,,,1,,,,,,,,1,,,,,,,,1,,,,,,,,0,,,,,,,,0,,,,,,,,0,,,,,,,,0
326,,,,,,,,1,,,,,,,,1,,,,,,,,1,,,,,,,,1,,,,,,,,0,,,,,,,,0,,,,,,,,0,,,,,,,,0
327,,,,,,,,1,,,,,,,,1,,,,,,,,1,,,,,,,,1,,,,,,,,0,,,,,,,,0,,,,,,,,0,,,,,,,,0
328,,,,,,,,1,,,,,,,,1,,,,,,,,1,,,,,,,,1,,,,,,,,0,,,,,,,,0,,,,,,,,0,,,,,,,,0
329,,,,,,,,1,,,,,,,,1,,,,,,,,1,,,,,,,,1,,,,,,,,0,,,,,,,,0,,,,,,,,0,,,,,,,,0
330,,,,,,,,1,,,,,,,,1,,,,,,,,1,,,,,,,,1,,,,,,,,0,,,,,,,,0,,,,,,,,0,,,,,,,,0
331,,,,,,,,1,,,,,,,,1,,,,,,,,1,,,,,,,,1,,,,,,,,0,,,,,,,,0,,,,,,,,0,,,,,,,,0
332,,,,,,,,1,,,,,,,,1,,,,,,,,1,,,,,,,,1,,,,,,,,0,,,,,,,,0,,,,,,,,0,,,,,,,,0
333,,,,,,,,1,,,,,,,,1,,,,,,,,1,,,,,,,,1,,,,,,,,0,,,,,,,,0,,,,,,,,0,,,,,,,,0
334,,,,,,,,1,,,,,,,,1,,,,,,,,1,,,,,,,,1,,,,,,,,0,,,,,,,,0,,,,,,,,0,,,,,,,,0
335,,,,,,,,1,,,,,,,,1,,,,,,,,1,,,,,,,,1,,,,,,,,0,,,,,,,,0,,,,,,,,0,,,,,,,,0
336,,,,,,,,1,,,,,,,,1,,,,,,,,1,,,,,,,,1,,,,,,,,0,,,,,,,,0,,,,,,,,0,,,,,,,,0
337,,,,,,,,1,,,,,,,,1,,,,,,,,1,,,,,,,,1,,,,,,,,0,,,,,,,,0,,,,,,,,0,,,,,,,,0
338,,,,,,,,1,,,,,,,,1,,,,,,,,1,,,,,,,,1,,,,,,,,0,,,,,,,,0,,,,,,,,0,,,,,,,,0
339,,,,,,,,1,,,,,,,,1,,,,,,,,1,,,,,,,,1,,,,,,,,0,,,,,,,,0,,,,,,,,0,,,,,,,,0
340,,,,,,,,1,,,,,,,,1,,,,,,,,1,,,,,,,,1,,,,,,,,0,,,,,,,,0,,,,,,,,0,,,,,,,,0
341,,,,,,,,1,,,,,,,,1,,,,,,,,1,,,,,,,,1,,,,,,,,0,,,,,,,,0,,,,,,,,0,,,,,,,,0
342,,,,,,,,1,,,,,,,,1,,,,,,,,1,,,,,,,,1,,,,,,,,0,,,,,,,,0,,,,,,,,0,,,,,,,,0
343,,,,,,,,1,,,,,,,,1,,,,,,,,1,,,,,,,,1,,,,,,,,0,,,,,,,,0,,,,,,,,0,,,,,,,,0
344,,,,,,,,1,,,,,,,,1,,,,,,,,1,,,,,,,,1,,,,,,,,0,,,,,,,,0,,,,,,,,0,,,,,,,,0
345,,,,,,,,1,,,,,,,,1,,,,,,,,1,,,,,,,,1,,,,,,,,0,,,,,,,,0,,,,,,,,0,,,,,,,,0
346,,,,,,,,1,,,,,,,,1,,,,,,,,1,,,,,,,,1,,,,,,,,0,,,,,,,,0,,,,,,,,0,,,,,,,,0
347,,,,,,,,1,,,,,,,,1,,,,,,,,1,,,,,,,,1,,,,,,,,0,,,,,,,,0,,,,,,,,0,,,,,,,,0
348,,,,,,,,1,,,,,,,,1,,,,,,,,1,,,,,,,,1,,,,,,,,0,,,,,,,,0,,,,,,,,0,,,,,,,,0
349,0.0,0.0,0.0,0.0,0.0,0.0,0.0,10,0.30769230769230765,5.851389114294502e-17,0.3076923076923077,0.3076923076923077,0.3076923076923077,0.3076923076923077,0.3076923076923077,10,0.3483090877532959,0.006812542078461189,0.3354527950286865,0.358994722366333,0.3484220504760742,0.33702033162117007,0.3578552663326263,10,0.0,0.0,0.0,0.0,0.0,0.0,0.0,10,,,,,,,,0,,,,,,,,0,,,,,,,,0,,,,,,,,0
350,,,,,,,,1,,,,,,,,1,,,,,,,,1,,,,,,,,1,,,,,,,,0,,,,,,,,0,,,,,,,,0,,,,,,,,0
351,,,,,,,,1,,,,,,,,1,,,,,,,,1,,,,,,,,1,,,,,,,,0,,,,,,,,0,,,,,,,,0,,,,,,,,0
352,0.0,0.0,0.0,0.0,0.0,0.0,0.0,10,0.5,0.0,0.5,0.5,0.5,0.5,0.5,10,0.27499842643737793,0.014267112432610338,0.2527737617492676,0.2990713119506836,0.2730180025100708,0.2540566623210907,0.2962989270687103,10,0.0,0.0,0.0,0.0,0.0,0.0,0.0,10,,,,,,,,0,,,,,,,,0,,,,,,,,0,,,,,,,,0
353,,,,,,,,1,,,,,,,,1,,,,,,,,1,,,,,,,,1,,,,,,,,0,,,,,,,,0,,,,,,,,0,,,,,,,,0
354,,,,,,,,1,,,,,,,,1,,,,,,,,1,,,,,,,,1,,,,,,,,0,,,,,,,,0,,,,,,,,0,,,,,,,,0
355,,,,,,,,1,,,,,,,,1,,,,,,,,1,,,,,,,,1,,,,,,,,0,,,,,,,,0,,,,,,,,0,,,,,,,,0
356,0.0,0.0,0.0,0.0,0.0,0.0,0.0,10,0.0,0.0,0.0,0.0,0.0,0.0,0.0,10,0.30206573009490967,0.010054411822356214,0.2889575958251953,0.3153622150421142,0.30182528495788574,0.2893195867538452,0.3152954816818237,10,0.0,0.0,0.0,0.0,0.0,0.0,0.0,10,,,,,,,,0,,,,,,,,0,,,,,,,,0,,,,,,,,0
357,,,,,,,,1,,,,,,,,1,,,,,,,,1,,,,,,,,1,,,,,,,,0,,,,,,,,0,,,,,,,,0,,,,,,,,0
358,,,,,,,,1,,,,,,,,1,,,,,,,,1,,,,,,,,1,,,,,,,,0,,,,,,,,0,,,,,,,,0,,,,,,,,0
359,,,,,,,,1,,,,,,,,1,,,,,,,,1,,,,,,,,1,,,,,,,,0,,,,,,,,0,,,,,,,,0,,,,,,,,0
360,,,,,,,,1,,,,,,,,1,,,,,,,,1,,,,,,,,1,,,,,,,,0,,,,,,,,0,,,,,,,,0,,,,,,,,0
361,0.0,0.0,0.0,0.0,0.0,0.0,0.0,10,0.1052631578947368,0.0,0.1052631578947368,0.1052631578947368,0.1052631578947368,0.1052631578947368,0.1052631578947368,10,0.4863304376602173,0.015415824892710279,0.4547433853149414,0.5049521923065186,0.4910353422164917,0.4588483452796936,0.5045177280902863,10,0.0,0.0,0.0,0.0,0.0,0.0,0.0,10,,,,,,,,0,,,,,,,,0,,,,,,,,0,,,,,,,,0
362,0.0,0.0,0.0,0.0,0.0,0.0,0.0,10,0.18181818181818182,2.925694557147251e-17,0.1818181818181818,0.1818181818181818,0.1818181818181818,0.1818181818181818,0.1818181818181818,10,0.32854552268981935,0.011093762278706164,0.3073229789733886,0.3419270515441894,0.32515251636505127,0.3105185091495513,0.34186348319053644,10,0.0,0.0,0.0,0.0,0.0,0.0,0.0,10,,,,,,,,0,,,,,,,,0,,,,,,,,0,,,,,,,,0
363,,,,,,,,1,,,,,,,,1,,,,,,,,1,,,,,,,,1,,,,,,,,0,,,,,,,,0,,,,,,,,0,,,,,,,,0
364,,,,,,,,1,,,,,,,,1,,,,,,,,1,,,,,,,,1,,,,,,,,0,,,,,,,,0,,,,,,,,0,,,,,,,,0
365,,,,,,,,1,,,,,,,,1,,,,,,,,1,,,,,,,,1,,,,,,,,0,,,,,,,,0,,,,,,,,0,,,,,,,,0
366,,,,,,,,1,,,,,,,,1,,,,,,,,1,,,,,,,,1,,,,,,,,0,,,,,,,,0,,,,,,,,0,,,,,,,,0
367,,,,,,,,1,,,,,,,,1,,,,,,,,1,,,,,,,,1,,,,,,,,0,,,,,,,,0,,,,,,,,0,,,,,,,,0
368,,,,,,,,1,,,,,,,,1,,,,,,,,1,,,,,,,,1,,,,,,,,0,,,,,,,,0,,,,,,,,0,,,,,,,,0
369,,,,,,,,1,,,,,,,,1,,,,,,,,1,,,,,,,,1,,,,,,,,0,,,,,,,,0,,,,,,,,0,,,,,,,,0
370,,,,,,,,1,,,,,,,,1,,,,,,,,1,,,,,,,,1,,,,,,,,0,,,,,,,,0,,,,,,,,0,,,,,,,,0
371,,,,,,,,1,,,,,,,,1,,,,,,,,1,,,,,,,,1,,,,,,,,0,,,,,,,,0,,,,,,,,0,,,,,,,,0
372,,,,,,,,1,,,,,,,,1,,,,,,,,1,,,,,,,,1,,,,,,,,0,,,,,,,,0,,,,,,,,0,,,,,,,,0
373,,,,,,,,1,,,,,,,,1,,,,,,,,1,,,,,,,,1,,,,,,,,0,,,,,,,,0,,,,,,,,0,,,,,,,,0
374,,,,,,,,1,,,,,,,,1,,,,,,,,1,,,,,,,,1,,,,,,,,0,,,,,,,,0,,,,,,,,0,,,,,,,,0
375,,,,,,,,1,,,,,,,,1,,,,,,,,1,,,,,,,,1,,,,,,,,0,,,,,,,,0,,,,,,,,0,,,,,,,,0
376,,,,,,,,1,,,,,,,,1,,,,,,,,1,,,,,,,,1,,,,,,,,0,,,,,,,,0,,,,,,,,0,,,,,,,,0
377,,,,,,,,1,,,,,,,,1,,,,,,,,1,,,,,,,,1,,,,,,,,0,,,,,,,,0,,,,,,,,0,,,,,,,,0
378,,,,,,,,1,,,,,,,,1,,,,,,,,1,,,,,,,,1,,,,,,,,0,,,,,,,,0,,,,,,,,0,,,,,,,,0
379,,,,,,,,1,,,,,,,,1,,,,,,,,1,,,,,,,,1,,,,,,,,0,,,,,,,,0,,,,,,,,0,,,,,,,,0
380,,,,,,,,1,,,,,,,,1,,,,,,,,1,,,,,,,,1,,,,,,,,0,,,,,,,,0,,,,,,,,0,,,,,,,,0
381,,,,,,,,1,,,,,,,,1,,,,,,,,1,,,,,,,,1,,,,,,,,0,,,,,,,,0,,,,,,,,0,,,,,,,,0
382,,,,,,,,1,,,,,,,,1,,,,,,,,1,,,,,,,,1,,,,,,,,0,,,,,,,,0,,,,,,,,0,,,,,,,,0
383,,,,,,,,1,,,,,,,,1,,,,,,,,1,,,,,,,,1,,,,,,,,0,,,,,,,,0,,,,,,,,0,,,,,,,,0
384,0.0,0.0,0.0,0.0,0.0,0.0,0.0,10,0.0,0.0,0.0,0.0,0.0,0.0,0.0,10,0.2840819120407104,0.01261550959484921,0.2714879512786865,0.3029367923736572,0.27797079086303705,0.2717073023319244,0.30243623852729795,10,0.0,0.0,0.0,0.0,0.0,0.0,0.0,10,,,,,,,,0,,,,,,,,0,,,,,,,,0,,,,,,,,0
385,,,,,,,,1,,,,,,,,1,,,,,,,,1,,,,,,,,1,,,,,,,,0,,,,,,,,0,,,,,,,,0,,,,,,,,0
386,,,,,,,,1,,,,,,,,1,,,,,,,,1,,,,,,,,1,,,,,,,,0,,,,,,,,0,,,,,,,,0,,,,,,,,0
387,,,,,,,,1,,,,,,,,1,,,,,,,,1,,,,,,,,1,,,,,,,,0,,,,,,,,0,,,,,,,,0,,,,,,,,0
388,,,,,,,,1,,,,,,,,1,,,,,,,,1,,,,,,,,1,,,,,,,,0,,,,,,,,0,,,,,,,,0,,,,,,,,0
389,,,,,,,,1,,,,,,,,1,,,,,,,,1,,,,,,,,1,,,,,,,,0,,,,,,,,0,,,,,,,,0,,,,,,,,0
390,,,,,,,,1,,,,,,,,1,,,,,,,,1,,,,,,,,1,,,,,,,,0,,,,,,,,0,,,,,,,,0,,,,,,,,0
391,,,,,,,,1,,,,,,,,1,,,,,,,,1,,,,,,,,1,,,,,,,,0,,,,,,,,0,,,,,,,,0,,,,,,,,0
392,,,,,,,,1,,,,,,,,1,,,,,,,,1,,,,,,,,1,,,,,,,,0,,,,,,,,0,,,,,,,,0,,,,,,,,0
393,,,,,,,,1,,,,,,,,1,,,,,,,,1,,,,,,,,1,,,,,,,,0,,,,,,,,0,,,,,,,,0,,,,,,,,0
394,,,,,,,,1,,,,,,,,1,,,,,,,,1,,,,,,,,1,,,,,,,,0,,,,,,,,0,,,,,,,,0,,,,,,,,0
395,,,,,,,,1,,,,,,,,1,,,,,,,,1,,,,,,,,1,,,,,,,,0,,,,,,,,0,,,,,,,,0,,,,,,,,0
396,,,,,,,,1,,,,,,,,1,,,,,,,,1,,,,,,,,1,,,,,,,,0,,,,,,,,0,,,,,,,,0,,,,,,,,0
397,,,,,,,,1,,,,,,,,1,,,,,,,,1,,,,,,,,1,,,,,,,,0,,,,,,,,0,,,,,,,,0,,,,,,,,0
398,,,,,,,,1,,,,,,,,1,,,,,,,,1,,,,,,,,1,,,,,,,,0,,,,,,,,0,,,,,,,,0,,,,,,,,0
399,,,,,,,,1,,,,,,,,1,,,,,,,,1,,,,,,,,1,,,,,,,,0,,,,,,,,0,,,,,,,,0,,,,,,,,0
400,,,,,,,,1,,,,,,,,1,,,,,,,,1,,,,,,,,1,,,,,,,,0,,,,,,,,0,,,,,,,,0,,,,,,,,0
401,,,,,,,,1,,,,,,,,1,,,,,,,,1,,,,,,,,1,,,,,,,,0,,,,,,,,0,,,,,,,,0,,,,,,,,0
402,,,,,,,,1,,,,,,,,1,,,,,,,,1,,,,,,,,1,,,,,,,,0,,,,,,,,0,,,,,,,,0,,,,,,,,0
403,,,,,,,,1,,,,,,,,1,,,,,,,,1,,,,,,,,1,,,,,,,,0,,,,,,,,0,,,,,,,,0,,,,,,,,0
404,,,,,,,,1,,,,,,,,1,,,,,,,,1,,,,,,,,1,,,,,,,,0,,,,,,,,0,,,,,,,,0,,,,,,,,0
405,,,,,,,,1,,,,,,,,1,,,,,,,,1,,,,,,,,1,,,,,,,,0,,,,,,,,0,,,,,,,,0,,,,,,,,0
406,,,,,,,,1,,,,,,,,1,,,,,,,,1,,,,,,,,1,,,,,,,,0,,,,,,,,0,,,,,,,,0,,,,,,,,0
407,,,,,,,,1,,,,,,,,1,,,,,,,,1,,,,,,,,1,,,,,,,,0,,,,,,,,0,,,,,,,,0,,,,,,,,0
408,,,,,,,,1,,,,,,,,1,,,,,,,,1,,,,,,,,1,,,,,,,,0,,,,,,,,0,,,,,,,,0,,,,,,,,0
409,,,,,,,,1,,,,,,,,1,,,,,,,,1,,,,,,,,1,,,,,,,,0,,,,,,,,0,,,,,,,,0,,,,,,,,0
410,,,,,,,,1,,,,,,,,1,,,,,,,,1,,,,,,,,1,,,,,,,,0,,,,,,,,0,,,,,,,,0,,,,,,,,0
411,,,,,,,,1,,,,,,,,1,,,,,,,,1,,,,,,,,1,,,,,,,,0,,,,,,,,0,,,,,,,,0,,,,,,,,0
412,,,,,,,,1,,,,,,,,1,,,,,,,,1,,,,,,,,1,,,,,,,,0,,,,,,,,0,,,,,,,,0,,,,,,,,0
413,,,,,,,,1,,,,,,,,1,,,,,,,,1,,,,,,,,1,,,,,,,,0,,,,,,,,0,,,,,,,,0,,,,,,,,0
414,,,,,,,,1,,,,,,,,1,,,,,,,,1,,,,,,,,1,,,,,,,,0,,,,,,,,0,,,,,,,,0,,,,,,,,0
415,,,,,,,,1,,,,,,,,1,,,,,,,,1,,,,,,,,1,,,,,,,,0,,,,,,,,0,,,,,,,,0,,,,,,,,0
416,,,,,,,,1,,,,,,,,1,,,,,,,,1,,,,,,,,1,,,,,,,,0,,,,,,,,0,,,,,,,,0,,,,,,,,0
417,,,,,,,,1,,,,,,,,1,,,,,,,,1,,,,,,,,1,,,,,,,,0,,,,,,,,0,,,,,,,,0,,,,,,,,0
418,,,,,,,,1,,,,,,,,1,,,,,,,,1,,,,,,,,1,,,,,,,,0,,,,,,,,0,,,,,,,,0,,,,,,,,0
419,0.0,0.0,0.0,0.0,0.0,0.0,0.0,10,0.0,0.0,0.0,0.0,0.0,0.0,0.0,10,0.48927035331726076,0.01651478081207869,0.4612123966217041,0.5235464572906494,0.49068987369537354,0.4647882103919983,0.5175917387008667,10,0.0,0.0,0.0,0.0,0.0,0.0,0.0,10,,,,,,,,0,,,,,,,,0,,,,,,,,0,,,,,,,,0
420,,,,,,,,1,,,,,,,,1,,,,,,,,1,,,,,,,,1,,,,,,,,0,,,,,,,,0,,,,,,,,0,,,,,,,,0
421,,,,,,,,1,,,,,,,,1,,,,,,,,1,,,,,,,,1,,,,,,,,0,,,,,,,,0,,,,,,,,0,,,,,,,,0
422,,,,,,,,1,,,,,,,,1,,,,,,,,1,,,,,,,,1,,,,,,,,0,,,,,,,,0,,,,,,,,0,,,,,,,,0
423,,,,,,,,1,,,,,,,,1,,,,,,,,1,,,,,,,,1,,,,,,,,0,,,,,,,,0,,,,,,,,0,,,,,,,,0
424,,,,,,,,1,,,,,,,,1,,,,,,,,1,,,,,,,,1,,,,,,,,0,,,,,,,,0,,,,,,,,0,,,,,,,,0
425,,,,,,,,1,,,,,,,,1,,,,,,,,1,,,,,,,,1,,,,,,,,0,,,,,,,,0,,,,,,,,0,,,,,,,,0
426,,,,,,,,1,,,,,,,,1,,,,,,,,1,,,,,,,,1,,,,,,,,0,,,,,,,,0,,,,,,,,0,,,,,,,,0
427,,,,,,,,1,,,,,,,,1,,,,,,,,1,,,,,,,,1,,,,,,,,0,,,,,,,,0,,,,,,,,0,,,,,,,,0
428,,,,,,,,1,,,,,,,,1,,,,,,,,1,,,,,,,,1,,,,,,,,0,,,,,,,,0,,,,,,,,0,,,,,,,,0
429,,,,,,,,1,,,,,,,,1,,,,,,,,1,,,,,,,,1,,,,,,,,0,,,,,,,,0,,,,,,,,0,,,,,,,,0
430,,,,,,,,1,,,,,,,,1,,,,,,,,1,,,,,,,,1,,,,,,,,0,,,,,,,,0,,,,,,,,0,,,,,,,,0
431,,,,,,,,1,,,,,,,,1,,,,,,,,1,,,,,,,,1,,,,,,,,0,,,,,,,,0,,,,,,,,0,,,,,,,,0
432,,,,,,,,1,,,,,,,,1,,,,,,,,1,,,,,,,,1,,,,,,,,0,,,,,,,,0,,,,,,,,0,,,,,,,,0
433,,,,,,,,1,,,,,,,,1,,,,,,,,1,,,,,,,,1,,,,,,,,0,,,,,,,,0,,,,,,,,0,,,,,,,,0
434,,,,,,,,1,,,,,,,,1,,,,,,,,1,,,,,,,,1,,,,,,,,0,,,,,,,,0,,,,,,,,0,,,,,,,,0
435,,,,,,,,1,,,,,,,,1,,,,,,,,1,,,,,,,,1,,,,,,,,0,,,,,,,,0,,,,,,,,0,,,,,,,,0
436,,,,,,,,1,,,,,,,,1,,,,,,,,1,,,,,,,,1,,,,,,,,0,,,,,,,,0,,,,,,,,0,,,,,,,,0
437,,,,,,,,1,,,,,,,,1,,,,,,,,1,,,,,,,,1,,,,,,,,0,,,,,,,,0,,,,,,,,0,,,,,,,,0
438,,,,,,,,1,,,,,,,,1,,,,,,,,1,,,,,,,,1,,,,,,,,0,,,,,,,,0,,,,,,,,0,,,,,,,,0
439,,,,,,,,1,,,,,,,,1,,,,,,,,1,,,,,,,,1,,,,,,,,0,,,,,,,,0,,,,,,,,0,,,,,,,,0
440,,,,,,,,1,,,,,,,,1,,,,,,,,1,,,,,,,,1,,,,,,,,0,,,,,,,,0,,,,,,,,0,,,,,,,,0
441,,,,,,,,1,,,,,,,,1,,,,,,,,1,,,,,,,,1,,,,,,,,0,,,,,,,,0,,,,,,,,0,,,,,,,,0
442,,,,,,,,1,,,,,,,,1,,,,,,,,1,,,,,,,,1,,,,,,,,0,,,,,,,,0,,,,,,,,0,,,,,,,,0
443,,,,,,,,1,,,,,,,,1,,,,,,,,1,,,,,,,,1,,,,,,,,0,,,,,,,,0,,,,,,,,0,,,,,,,,0
444,,,,,,,,1,,,,,,,,1,,,,,,,,1,,,,,,,,1,,,,,,,,0,,,,,,,,0,,,,,,,,0,,,,,,,,0
445,,,,,,,,1,,,,,,,,1,,,,,,,,1,,,,,,,,1,,,,,,,,0,,,,,,,,0,,,,,,,,0,,,,,,,,0
446,,,,,,,,1,,,,,,,,1,,,,,,,,1,,,,,,,,1,,,,,,,,0,,,,,,,,0,,,,,,,,0,,,,,,,,0
447,1.0,0.0,1.0,1.0,1.0,1.0,1.0,10,1.0,0.0,1.0,1.0,1.0,1.0,1.0,10,0.20113618373870845,0.020101638899238286,0.1680240631103515,0.2356429100036621,0.20613980293273926,0.17042925357818597,0.2311909794807434,10,0.0,0.0,0.0,0.0,0.0,0.0,0.0,10,,,,,,,,0,,,,,,,,0,,,,,,,,0,,,,,,,,0
448,,,,,,,,1,,,,,,,,1,,,,,,,,1,,,,,,,,1,,,,,,,,0,,,,,,,,0,,,,,,,,0,,,,,,,,0
449,,,,,,,,1,,,,,,,,1,,,,,,,,1,,,,,,,,1,,,,,,,,0,,,,,,,,0,,,,,,,,0,,,,,,,,0
450,,,,,,,,1,,,,,,,,1,,,,,,,,1,,,,,,,,1,,,,,,,,0,,,,,,,,0,,,,,,,,0,,,,,,,,0
451,,,,,,,,1,,,,,,,,1,,,,,,,,1,,,,,,,,1,,,,,,,,0,,,,,,,,0,,,,,,,,0,,,,,,,,0
452,,,,,,,,1,,,,,,,,1,,,,,,,,1,,,,,,,,1,,,,,,,,0,,,,,,,,0,,,,,,,,0,,,,,,,,0
453,,,,,,,,1,,,,,,,,1,,,,,,,,1,,,,,,,,1,,,,,,,,0,,,,,,,,0,,,,,,,,0,,,,,,,,0
454,,,,,,,,1,,,,,,,,1,,,,,,,,1,,,,,,,,1,,,,,,,,0,,,,,,,,0,,,,,,,,0,,,,,,,,0
455,,,,,,,,1,,,,,,,,1,,,,,,,,1,,,,,,,,1,,,,,,,,0,,,,,,,,0,,,,,,,,0,,,,,,,,0
456,0.0,0.0,0.0,0.0,0.0,0.0,0.0,10,0.0,0.0,0.0,0.0,0.0,0.0,0.0,10,0.5401875972747803,0.012001823707893254,0.5236907005310059,0.5534720420837402,0.5404108762741089,0.524154669046402,0.5531826853752136,10,0.0,0.0,0.0,0.0,0.0,0.0,0.0,10,,,,,,,,0,,,,,,,,0,,,,,,,,0,,,,,,,,0
457,,,,,,,,1,,,,,,,,1,,,,,,,,1,,,,,,,,1,,,,,,,,0,,,,,,,,0,,,,,,,,0,,,,,,,,0
458,,,,,,,,1,,,,,,,,1,,,,,,,,1,,,,,,,,1,,,,,,,,0,,,,,,,,0,,,,,,,,0,,,,,,,,0
459,,,,,,,,1,,,,,,,,1,,,,,,,,1,,,,,,,,1,,,,,,,,0,,,,,,,,0,,,,,,,,0,,,,,,,,0
460,,,,,,,,1,,,,,,,,1,,,,,,,,1,,,,,,,,1,,,,,,,,0,,,,,,,,0,,,,,,,,0,,,,,,,,0
461,,,,,,,,1,,,,,,,,1,,,,,,,,1,,,,,,,,1,,,,,,,,0,,,,,,,,0,,,,,,,,0,,,,,,,,0
462,,,,,,,,1,,,,,,,,1,,,,,,,,1,,,,,,,,1,,,,,,,,0,,,,,,,,0,,,,,,,,0,,,,,,,,0
463,,,,,,,,1,,,,,,,,1,,,,,,,,1,,,,,,,,1,,,,,,,,0,,,,,,,,0,,,,,,,,0,,,,,,,,0
464,,,,,,,,1,,,,,,,,1,,,,,,,,1,,,,,,,,1,,,,,,,,0,,,,,,,,0,,,,,,,,0,,,,,,,,0
465,,,,,,,,1,,,,,,,,1,,,,,,,,1,,,,,,,,1,,,,,,,,0,,,,,,,,0,,,,,,,,0,,,,,,,,0
466,,,,,,,,1,,,,,,,,1,,,,,,,,1,,,,,,,,1,,,,,,,,0,,,,,,,,0,,,,,,,,0,,,,,,,,0
467,,,,,,,,1,,,,,,,,1,,,,,,,,1,,,,,,,,1,,,,,,,,0,,,,,,,,0,,,,,,,,0,,,,,,,,0
468,,,,,,,,1,,,,,,,,1,,,,,,,,1,,,,,,,,1,,,,,,,,0,,,,,,,,0,,,,,,,,0,,,,,,,,0
469,,,,,,,,1,,,,,,,,1,,,,,,,,1,,,,,,,,1,,,,,,,,0,,,,,,,,0,,,,,,,,0,,,,,,,,0
470,,,,,,,,1,,,,,,,,1,,,,,,,,1,,,,,,,,1,,,,,,,,0,,,,,,,,0,,,,,,,,0,,,,,,,,0
471,,,,,,,,1,,,,,,,,1,,,,,,,,1,,,,,,,,1,,,,,,,,0,,,,,,,,0,,,,,,,,0,,,,,,,,0
472,,,,,,,,1,,,,,,,,1,,,,,,,,1,,,,,,,,1,,,,,,,,0,,,,,,,,0,,,,,,,,0,,,,,,,,0
473,,,,,,,,1,,,,,,,,1,,,,,,,,1,,,,,,,,1,,,,,,,,0,,,,,,,,0,,,,,,,,0,,,,,,,,0
474,,,,,,,,1,,,,,,,,1,,,,,,,,1,,,,,,,,1,,,,,,,,0,,,,,,,,0,,,,,,,,0,,,,,,,,0
475,,,,,,,,1,,,,,,,,1,,,,,,,,1,,,,,,,,1,,,,,,,,0,,,,,,,,0,,,,,,,,0,,,,,,,,0
476,,,,,,,,1,,,,,,,,1,,,,,,,,1,,,,,,,,1,,,,,,,,0,,,,,,,,0,,,,,,,,0,,,,,,,,0
477,,,,,,,,1,,,,,,,,1,,,,,,,,1,,,,,,,,1,,,,,,,,0,,,,,,,,0,,,,,,,,0,,,,,,,,0
478,,,,,,,,1,,,,,,,,1,,,,,,,,1,,,,,,,,1,,,,,,,,0,,,,,,,,0,,,,,,,,0,,,,,,,,0
479,,,,,,,,1,,,,,,,,1,,,,,,,,1,,,,,,,,1,,,,,,,,0,,,,,,,,0,,,,,,,,0,,,,,,,,0
480,,,,,,,,1,,,,,,,,1,,,,,,,,1,,,,,,,,1,,,,,,,,0,,,,,,,,0,,,,,,,,0,,,,,,,,0
481,,,,,,,,1,,,,,,,,1,,,,,,,,1,,,,,,,,1,,,,,,,,0,,,,,,,,0,,,,,,,,0,,,,,,,,0
482,0.0,0.0,0.0,0.0,0.0,0.0,0.0,10,0.0,0.0,0.0,0.0,0.0,0.0,0.0,10,0.23282442092895503,0.012431566255907796,0.2128248214721679,0.2526514530181885,0.23051214218139643,0.21520050764083856,0.25245195031166073,10,0.0,0.0,0.0,0.0,0.0,0.0,0.0,10,,,,,,,,0,,,,,,,,0,,,,,,,,0,,,,,,,,0
483,,,,,,,,1,,,,,,,,1,,,,,,,,1,,,,,,,,1,,,,,,,,0,,,,,,,,0,,,,,,,,0,,,,,,,,0
484,,,,,,,,1,,,,,,,,1,,,,,,,,1,,,,,,,,1,,,,,,,,0,,,,,,,,0,,,,,,,,0,,,,,,,,0
485,,,,,,,,1,,,,,,,,1,,,,,,,,1,,,,,,,,1,,,,,,,,0,,,,,,,,0,,,,,,,,0,,,,,,,,0
486,,,,,,,,1,,,,,,,,1,,,,,,,,1,,,,,,,,1,,,,,,,,0,,,,,,,,0,,,,,,,,0,,,,,,,,0
487,,,,,,,,1,,,,,,,,1,,,,,,,,1,,,,,,,,1,,,,,,,,0,,,,,,,,0,,,,,,,,0,,,,,,,,0
488,,,,,,,,1,,,,,,,,1,,,,,,,,1,,,,,,,,1,,,,,,,,0,,,,,,,,0,,,,,,,,0,,,,,,,,0
489,,,,,,,,1,,,,,,,,1,,,,,,,,1,,,,,,,,1,,,,,,,,0,,,,,,,,0,,,,,,,,0,,,,,,,,0
490,,,,,,,,1,,,,,,,,1,,,,,,,,1,,,,,,,,1,,,,,,,,0,,,,,,,,0,,,,,,,,0,,,,,,,,0
491,,,,,,,,1,,,,,,,,1,,,,,,,,1,,,,,,,,1,,,,,,,,0,,,,,,,,0,,,,,,,,0,,,,,,,,0
492,,,,,,,,1,,,,,,,,1,,,,,,,,1,,,,,,,,1,,,,,,,,0,,,,,,,,0,,,,,,,,0,,,,,,,,0
493,0.0,0.0,0.0,0.0,0.0,0.0,0.0,10,0.0,0.0,0.0,0.0,0.0,0.0,0.0,10,0.2034915447235107,0.016063242903542718,0.1663136482238769,0.2209532260894775,0.2074983119964599,0.17193609476089472,0.21998328566551206,10,0.0,0.0,0.0,0.0,0.0,0.0,0.0,10,,,,,,,,0,,,,,,,,0,,,,,,,,0,,,,,,,,0
494,,,,,,,,1,,,,,,,,1,,,,,,,,1,,,,,,,,1,,,,,,,,0,,,,,,,,0,,,,,,,,0,,,,,,,,0
495,,,,,,,,1,,,,,,,,1,,,,,,,,1,,,,,,,,1,,,,,,,,0,,,,,,,,0,,,,,,,,0,,,,,,,,0
496,,,,,,,,1,,,,,,,,1,,,,,,,,1,,,,,,,,1,,,,,,,,0,,,,,,,,0,,,,,,,,0,,,,,,,,0
497,,,,,,,,1,,,,,,,,1,,,,,,,,1,,,,,,,,1,,,,,,,,0,,,,,,,,0,,,,,,,,0,,,,,,,,0
498,,,,,,,,1,,,,,,,,1,,,,,,,,1,,,,,,,,1,,,,,,,,0,,,,,,,,0,,,,,,,,0,,,,,,,,0
499,,,,,,,,1,,,,,,,,1,,,,,,,,1,,,,,,,,1,,,,,,,,0,,,,,,,,0,,,,,,,,0,,,,,,,,0
