exact_match,f1_score,time,step,dataset_id
0,0.05194805194805195,37.80499768257141,0,945tBlPoKsnHp4m96z6_5la565
0,0.48275862068965514,16.58682131767273,1,967mE-YQ6GKIOciQhgemIuu498
0,0.28571428571428575,13.124362230300903,1,2684Tsl9g-K98ihJB9COTF6d1011
0,0.3157894736842105,18.30398178100586,1,3013qWOe5GAKobQj6VkNX1a83834
0,0.4,11.222925424575806,1,3036vybNVfi22WAmwyXaCyoP3790
0,0.0,1.0208714008331299,0,575_whZmLvyvEEXouWkoc8Q185
1,1.0,10.02170991897583,1,701k_RQvhmFwArZx0ORLSmx2876
0,0.8,11.533262491226196,1,1169sLy1F9DsgmSEU3gCb28W3246
1,1.0,10.565822124481201,1,6697jIYtcKSoYakHzaLUALm2953
0,0.5714285714285715,12.342886686325073,1,1767ntexZ4EBPQrmdM1oWDDE3503
0,0.6666666666666666,14.745190143585205,1,2071kHxLVZsdxtm6xVPXQcML1588
0,0.30303030303030304,16.48129415512085,1,2422AkNZxKVfPVF92vs5qzLX3610
0,0.12903225806451613,20.353382110595703,0,3009H9M_TNpQCxuXCdfB9kCI3841
1,1.0,12.395278453826904,0,593kmxrhCum30V8LO3FwczX131
0,0.0,4.089149475097656,0,1792pLMxkyBoluA32NPBVhWK3450
0,0.0,1.2225263118743896,0,954ewPFqe0IjyBJN77y7QiK538
0,0.5714285714285715,11.547765016555786,1,2686JOWKciP4s6sWuWPuyo-d1005
0,0.56,12.490949630737305,1,846dI6s8NANbI0cXEx7WJXa2761
1,1.0,15.149818897247314,1,2125Vbp22wSh0VwBbUKAfI0y1435
0,0.4,14.371697664260864,1,866LtsA6S3dXyfEn4lwSbj-2706
0,0.5,13.148971796035767,1,882doeTQayJlOLXdbcJEWxe2666
0,0.1694915254237288,31.456290245056152,0,924h9Ft9SWd5mJ8NvTErCl72554
1,1.0,9.704518795013428,1,635Jf_-DqbwtcPrT7rU-Jws10
0,0.6666666666666666,12.03662109375,1,2098D1dsKeKH0xANz6zd6LSO1513
1,1.0,11.211080551147461,1,8982jMja-0mYqXcdvoFxJxW2630
0,0.3333333333333333,2.0912883281707764,0,2062VZLt42f5YfL_F5YiZJ9_1614
0,0.7272727272727273,13.490895986557007,1,2375ik4L_hJmM72qf0e1dYMH3698
0,0.0,1.7760486602783203,0,988aqEFeThHG5fa_FOI-9nu436
0,0.0,1.2586371898651123,0,683aqqwKP1KduPxIkVF7N9F2917
1,1.0,11.27951169013977,1,660LK3Me9by6QtGlAhc9ZgG2978
0,0.2,9.36972427368164,1,1342n57h5KFhZrmo2TPiuwv5845
0,0.3076923076923077,12.269940853118896,1,1775dGCKacaEaf4vXnKBh4Rd3488
0,0.6363636363636365,9.046072959899902,1,879e8JaFZiS1bIPJKfr-NO82676
0,0.33333333333333337,13.412845611572266,1,604BaVh8B5igEaFS0x8dDlu99
0,0.4,13.597062349319458,1,684byYz4orMrh60-Fxhgy3n2915
0,0.26415094339622647,31.455943822860718,0,667rAHXuSUPsljQVxvIq2TT2958
0,0.8571428571428571,11.081871747970581,1,2499V-2FlPo6WVsoWpisdH6C1783
0,0.13043478260869565,25.136669158935547,0,24325JvjgPXosVnug4HXcsdC3598
0,0.6666666666666666,10.853928565979004,1,1469nqp1NXhfX10HhPcrdOO62071
0,0.0,4.626416921615601,0,22165cE4SIrSj4XGK-I-cUmM4056
0,0.0,5.503434181213379,0,1216-uAt0pBo8VUzVu7fmS2y3107
0,0.6666666666666666,1.495307445526123,0,1149B_z0nE_Bw4gpJMErDvZF3303
1,1.0,1.2226917743682861,0,1825MtNCYtNGCoORkHQFRAhq3374
0,0.0,3.093862533569336,0,2593NhMXH8FIz_rRIuHg7cJ32408
1,1.0,11.562459707260132,1,2969gQlMvd6FhSZMcTlnE-C13935
0,0.0,28.775301456451416,0,2224WT9qVEbYuJZkZlYlFqvu4038
0,0.0,8.326454401016235,0,985ZjvvC0gTx6zRqASlgtzC445
0,0.8,13.330536365509033,1,1965XlnqIGyuwSvdQjdZBJ8t2263
0,0.47058823529411764,15.854083776473999,1,9708OuWanhVP-hqUoh93Luk490
0,0.8205128205128205,23.622573852539062,0,1590DQgHfimikqgwh-c_JwUe1261
0,0.33333333333333337,4.043139219284058,0,1023T61MYdUxsFVCRfnKl5B0345
0,0.6923076923076923,11.02799129486084,1,1475f3__mr6HOl60yEXYvb4i2059
0,0.0,14.830978870391846,1,2109wDBr_5DTMGUIMawARy5V1481
0,0.7368421052631579,16.12667202949524,1,29814YmrvhgM84gEBT0lVxvw3906
1,1.0,11.418397426605225,1,24419ElQ6t4Xid93KqYjJXMT1915
1,1.0,11.211076736450195,1,564nvWBMTyMNmhonDBcxkha218
0,0.14285714285714285,1.9311785697937012,0,983lsArLcvfSEq21Yv9hyIq451
1,1.0,10.8677978515625,1,1618DNm6lX3wftxfj2fnuyVr1186
0,0.5714285714285715,2.3397462368011475,0,869tyTpa9rKUcCPdLKs8WYm2699
0,0.75,9.222641229629517,1,1823OCTxsYW2VwXgoqBEFKRB3380
1,1.0,9.822640657424927,1,1835xWOwAfgrbHJnPbJjkinW3346
0,0.888888888888889,9.690504550933838,1,29746uLZOTxxVUkngoUfAtI03924
1,1.0,9.25876235961914,1,8616U9DJ4emRPwsHZTqmdGu2714
1,1.0,12.989301681518555,1,2997uuJN0Yt55vdTFyk9kAUA3869
0,0.0,8.83900785446167,1,2703tHS1apl2j5UgPSEuvXw2955
0,0.33333333333333337,15.233969449996948,1,2124hG4KLqALJOOHr-3PHVOG1436
1,1.0,12.47739028930664,1,1559OCcb7F7icUkYfeTFgLDJ1339
0,0.5000000000000001,15.14406681060791,1,942YwxEcLEOCAotnSzvxJj-575
0,0.0,11.157448291778564,1,2148ORbgn9xAFsNQtzXY__rj4228
1,1.0,10.29375410079956,1,2561RPearP2qJJF5nNBvVQ1L2467
1,1.0,12.36035704612732,0,948uYfQaDqdMCAYnSxY-SL1556
0,0.16666666666666669,11.906955003738403,1,2063xkIouWNgoRjOGLoCZ1bE1611
1,1.0,7.391600847244263,1,2358jqFEmp4cxrm3AWKZILMj3737
0,0.0,2.069521427154541,0,8521sw4TcnPagCQEoFKD9fN2741
0,0.0,11.085699319839478,1,2733NKE9l-FIURwp5kMM_ty2874
0,0.4,16.825767993927002,0,901d0BwILQTPPl4oiAkiW0N2621
0,0.3809523809523809,14.150668859481812,1,134108m1Km6HBkINwlourrYc849
0,0.1818181818181818,3.0990233421325684,0,873MgMnuCFZMazeJj3xQgmP2691
0,0.5,12.609378099441528,1,2574e_nCnMlZf6mrQzmO3LZo2447
0,0.19999999999999998,3.663140058517456,0,4cba4b140f94427bb0f62c4a02363f25
0,0.8571428571428571,11.96387767791748,1,1231cJjNwm3bfsTH7qWJy5MR3063
0,0.22222222222222224,3.056338310241699,0,2697v70pWXgc-DSg0veQwf_g972
0,0.0,3.383227586746216,0,30233J2ge9fEFX4YilpwWlsN3810
0,0.5,11.037728548049927,1,663-JJ9KuxO4ce29ftc42bp2969
0,0.5238095238095238,15.397744178771973,1,25775PQIxbBRzGch8_9ktspn2442
0,0.1142857142857143,29.48996591567993,0,998p1ztLXm5gKJajkvwEEjf414
0,0.5714285714285715,20.380096435546875,1,1362BPgQJxJaOhV-CP2tGeBk786
0,0.4,11.784630298614502,1,1473IwZwglReS87tV2cQBA732060
0,0.6666666666666667,13.839933395385742,1,22218q38c0YRb2JXvtSd0Nqf4044
0,0.24137931034482765,12.419296264648438,0,1975vLuOp8gEBc7-d27D_PJt2244
0,0.0,1.5140957832336426,0,15263OLWSlkXpClkcExQ-34k1956
0,0.24175824175824173,39.070733070373535,0,2220FiinFvsU7-YyZ30zv8jY4048
0,0.26666666666666666,11.338949203491211,1,2344eMszMywnP_KtAXxgyVLS3770
0,0.6666666666666666,14.15861701965332,1,2010WZCaJ4UATWnu47fC8x_q2194
0,0.5714285714285715,10.145603895187378,1,1553HtIHHM40j_HGKzQ8UC-Q1357
0,0.09523809523809525,14.870001554489136,1,2011BmOhqTJO6XDvfA1PRl622189
0,0.1714285714285714,28.19456934928894,0,1218OExrGg3DDUqQ_BBB10Tn3103
0,0.5454545454545454,17.305188179016113,1,2132y4UclYrIoM9EfY6q0cLU1413
1,1.0,9.859847068786621,1,14184ScD3kP338oXI7mRSkqg634
1,1.0,10.093908071517944,1,2378CpxWEhm9XQDMTUWPL6Gj3690
0,0.05405405405405405,7.159624814987183,0,1979k__dYe4eh0JcWo4LS3y02238
0,0.36363636363636365,3.440094470977783,0,1535JT_lXL_OClCIRi_Kf0od1932
0,0.1388888888888889,30.470046043395996,0,2620OCzi6sRLt3mGvqENj2_f2358
0,0.0,2.877136707305908,0,1139_-7833hNxUF5gGfQFr7N3334
0,0.26666666666666666,13.20550799369812,1,2175S4MitjCgK9hknprHvclr4155
0,0.1739130434782609,15.293229818344116,1,2973V3Yh88dWwEdfJb_tftSD3927
1,1.0,9.951352596282959,1,7102gW4oVzoXhOyiAji75BJ2854
1,1.0,8.517987966537476,1,2351OjCB7Jc7RLtLp2D0LO6_3756
0,0.23529411764705882,15.619027614593506,1,11681N3h2EdimO-bHyAXIg3U3250
0,0.6666666666666666,12.48891568183899,1,1469FeepfYJGM-RcHVUumiAM2073
0,0.1904761904761905,30.411206483840942,0,2204OiV3FwpDb5okA_ERACO-4085
0,0.43478260869565216,15.094217300415039,1,2232C9tE6pI8bHZ63YEfofZm4013
0,0.3529411764705882,17.780245304107666,1,29911GwDefKvNAdit4U50-4e3883
1,1.0,9.184802293777466,1,1164efJ2bD2I51tG9DDDy2263262
1,1.0,10.914802312850952,1,1005kUSQjnYNjRyPCjiXwSaB398
0,0.0967741935483871,29.622230529785156,0,1166mDE1LWP75imlcmsDPZ4x3256
0,0.8,15.826478958129883,1,5532TWtKb03tsQH8Wep0CiY251
0,0.0,50.023513078689575,0,156057Z3OOwBTdwP-hDQ9L4U1338
0,0.0,2.703336477279663,0,2150mk9STtYfvVPdRfNOdnih4223
1,1.0,7.421947956085205,1,15234HN9qI_Z1BT9PU4i4eXx1966
0,0.12121212121212122,4.957261800765991,0,2426FvIaTEpxUSzdWjZW6ctB3605
0,0.2857142857142857,16.004364490509033,1,1437oSS908LBdCS-R1lhS_zZ587
1,1.0,11.99510908126831,1,1422Mg4SCjSUB1ipbjJhHLQV621
0,0.0,2.1738696098327637,0,1345JzmbSlEwtFkj07wPh-DW836
1,1.0,26.224520921707153,1,1219odhtmia1JdsfFwCJXe5O3098
0,0.33333333333333337,12.607424020767212,1,1546DCalUExqBzLjIbfKVwJ-1374
1,1.0,11.17481255531311,1,656YB8T90k-pyOHOCeclaxG2988
0,0.923076923076923,15.99402379989624,0,24607rfeko8svDiw7ESyatwy1870
1,1.0,10.308322191238403,1,1175kIOD5y8d7_nFY3yGAH-q3230
0,0.23529411764705882,21.463274240493774,0,982TPLydrP2xNnL4eYgSPrZ453
0,0.23529411764705882,20.68310523033142,1,1359atcV3Ym9xm3K3Feuwic1793
1,1.0,11.690045356750488,1,2520AJw6yorsA0GUmWlSBDMa1735
1,1.0,14.690407037734985,1,15928E8pxEJmfNp4i0dvTpic1257
1,1.0,14.156250715255737,1,2994z92F6tuanrTZ7p_1PiGz3877
0,0.5,12.482211351394653,1,1791pNJzKyWbh6wW0KOK91ow3451
0,0.4444444444444445,13.250174045562744,1,617iyLwPnEkb8aandhPxiQ265
0,0.8888888888888888,13.675137996673584,1,1011MjRtXOyGZ4-GuFtMmFil378
0,0.4,1.796949863433838,0,2363jyeSrDuTiJf_bqAPDD473726
0,0.19999999999999998,10.470993280410767,1,2353LXtRRUsp_KUtkJvbyF5G3749
0,0.12500000000000003,6.572120189666748,0,2205ENHOPLj9Z8oxm2fYD6lB4084
0,0.15384615384615385,22.784067392349243,1,2496BbugoKX7EuTf6XE9o7do1792
1,1.0,11.492573499679565,1,2124d8CiYUpjOQQmj4tL4X0v1437
0,0.1518987341772152,37.16013312339783,0,1363vktTqXoQ53guY-ds-40F783
0,0.16000000000000003,6.117091417312622,0,24874ZExUiMVxjjNDRJVHXGS1814
1,1.0,8.267963886260986,1,2736DC0e2KjXgGVcPZ2WLIxz867
0,0.24242424242424243,15.38443112373352,1,2425oi8tztQpIN1A44b1j3AL3606
1,1.0,12.435311555862427,1,1021PPK-R-xW8kEi9x6y3ozh353
1,1.0,13.432562112808228,1,2569SVBHC-JT-ZpiERWOXHiR2453
1,1.0,12.569685697555542,1,2980C0U4pvUngKDisOcpNW3q3908
1,1.0,10.84543490409851,1,2595p6qxVIXlogFl1fTrX8fj2404
0,0.6,12.352586269378662,1,653EYaIRqmXIngKYek45pE52994
0,0.6666666666666666,11.958836793899536,1,2498Ntl0yuQwIc1zcFl2LEt61786
0,0.05405405405405406,47.9993793964386,0,2152-7ZSgzVAfI8TDcdpWpW94218
0,0.13333333333333333,9.379255771636963,1,668cWm_2tZEF2k08oPyz6iV2954
0,0.0,3.682403326034546,0,1212dbfx54ZtFkSuZ70MXWTY3119
1,1.0,12.55465030670166,1,2020ubB0JZzHv_29zd0WpIjn2175
0,0.0,3.2586984634399414,0,1622VzIGjCK9OcMrN2AGi78L1173
1,1.0,9.852982997894287,1,725i6Izvs08W85ROtPNlm8D2813
0,0.8421052631578948,13.998508214950562,1,2114PF_Hzr-w95B50r8JycTn1467
0,0.5,11.741323232650757,1,2368ntygnzFhoyFjtl0dQR5j3714
1,1.0,12.305402278900146,1,294512JZuY3wtRUnM7xV5Lvx3985
1,1.0,12.435407876968384,1,1781sbFFllrurUSJ_Gr41cCI3472
1,1.0,9.473351001739502,1,1566OYiRrAn9nhAe8krxhhlH1318
0,0.4444444444444444,14.448811292648315,1,1024EAnLzPugg_3Icp64grI8343
0,0.4444444444444445,2.0612499713897705,0,593JhF3rLLX0PCam0j2bU_P129
0,0.19999999999999998,2.547158718109131,0,73512a0d242c474aa4bc1a4a545ce8e9
0,0.28571428571428575,1.894773244857788,0,1746xFkEmAdD0clAPlBABufm3565
0,0.17391304347826086,3.9960975646972656,0,6907GyyauVbz0gBDeg6Ql0l2899
0,0.19999999999999998,12.440291404724121,1,1809bhj4Kq1QgmejP4IfyOPD3415
1,1.0,9.256672859191895,1,1446OxQzkmFxIj-VPbEUcz7j2119
0,0.14285714285714288,14.307897329330444,0,1007UIE-H0wbpcNQZ4pjpJnS390
0,0.0,1.7542057037353516,0,1517RRHHjHDzsegVV1oTrpCQ1978
0,0.75,14.366457462310791,1,2211wsW8oNaSRcLGzwyfLWhi4065
0,0.5,8.263352632522583,1,2700ouBGuI-BEf84sS7uN4t6964
0,0.21052631578947367,4.583484649658203,0,570b8sPdCNrCb2fqPau5nlt198
0,0.7586206896551724,18.2830810546875,1,24469YIw5bTHJgIQYHoHuYLz1905
0,0.8181818181818181,10.794255018234253,1,2155b4lPV6COMDxcEuBc4bUB4211
1,1.0,9.012049198150635,1,23488dFrnyeZ5ef_I0UKSiz_3761
1,1.0,8.166706323623657,1,1446B3blpnHraasPEB4_1HUF2120
0,0.02631578947368421,34.32935547828674,0,3032TZQwiPvD5YTjwyIxVD573795
0,0.5245901639344263,14.401250839233398,1,2457EK954cnx1sbiMZvNQ97c1880
0,0.7777777777777778,18.259438276290894,1,1964IYccs9F9IcK39eAWE_OV2266
0,0.6666666666666666,12.361443519592285,1,25008jyl_fvzpJnsuFBgdiMe1779
0,0.0,16.10228395462036,1,2168J5OIY9_0JcjpUFtF-s8j4177
0,0.14814814814814814,7.917950630187988,0,962NqL5Nn7k-2hfELK_z0pe513
0,0.0,7.483010530471802,0,2420ljk2de81UhSRuKQX3a_J3616
1,1.0,11.69848108291626,1,1837DjnvLKs92-s8s-2bK5zI3340
0,0.5,11.101513385772705,1,2542R6iFUQ8O7GJYAaso2x7o2505
1,1.0,11.428782939910889,1,1830MpIhGxEOYndLD4ltPTIl3360
0,0.0,9.757020711898804,1,2367wI6YJctGx_TrLePW0zFT3716
0,0.6086956521739131,14.4775550365448,1,2234wLjOR7Un_noOJuVXvsz_4007
0,0.6666666666666666,8.701297283172607,1,2177rTzU3iHejo6wHiCUUGgR4151
0,0.16666666666666669,14.378269910812378,1,650c9GCkujN5yX2Hq3ptgvj3004
0,0.1,6.849744081497192,0,2505FyMeBIza_lW5D_Zn1Sgx1770
0,0.3076923076923077,12.489920377731323,1,1741XjQ2QM-7GtyfQYYY_fET3580
0,0.0,12.07377004623413,1,1403de07gs-9JpPhLkY3NXmx677
0,0.0,7.010664224624634,0,1976MfIZ7mAEpNhCSa8Y04ek2241
1,1.0,12.578683853149414,1,2714-Q-L_ocw1wqi2vTyKgJx927
0,0.027210884353741496,57.298667907714844,0,2211Cy7Oahng9F7-H0Oc3e544064
0,0.1111111111111111,24.088817834854126,0,2969xxQHUKBzQcM9DNUcN--Q3934
0,0.0,1.866873025894165,0,2062VZLt42f5YfL_F5YiZJ9_1615
0,0.0,2.371088743209839,0,2030yIcovw6j8LoFsbnLcn8Q2153
1,1.0,8.307530164718628,1,2198RDJBzVmoid4rc0bik_oO4103
0,0.0,2.6102490425109863,0,25018IwgMznLBiuCDIKcy_yK1777
1,1.0,11.577760457992554,1,1165vJ-Wr8WinYRSX1Q9stZi3257
1,1.0,16.204447269439697,1,2119SJEcYcuuQpuvuba_KlGl1451
0,0.4444444444444445,14.911339282989502,1,1016CUBKrFMJ-UTMJxunATzk368
0,0.43750000000000006,19.055243968963623,1,1610lit-PZD9j4XnYX8iyzdL1208
0,0.4,2.0326356887817383,0,846pjUcdsDwdYxx6e-kSkqz2759
0,0.09090909090909091,18.855777740478516,1,2069HyPki8X6KB4Slz4xeov61593
0,0.7368421052631579,12.919337034225464,1,1207HLvv2F6G--J1iG2Sr0GT3135
0,0.2857142857142857,2.4827826023101807,0,4593f14942df4650914b5eedae898cef
0,0.07142857142857142,32.73107028007507,0,1818O8BoyzdI3tIZTlZQX7MJ3389
0,0.25,3.442426919937134,0,1942fMXkD48PYS9_snttkRcW2318
0,0.0,5.661102771759033,0,957jTOUmKitegWSXhSu5HBC528
0,0.3846153846153846,17.483413696289062,0,2506tnNa34B-P_N92wRxsBoH1767
0,0.5185185185185185,17.352662563323975,1,2402MAhKxnMmLtfOdk-08LTn3642
0,0.3846153846153846,12.563628911972046,1,663-xYs0_yfqwh5e1vCCBW72968
1,1.0,6.970020771026611,1,1552zqZDXvKbR7jYgLwOhCO41361
0,0.34146341463414637,21.207788467407227,1,8478WHZms7MdB1ce7kHygtH2758
0,0.33333333333333337,12.992643117904663,1,2467fzJ6d5_K_QRe9CU--BXT1860
0,0.07407407407407407,14.03160548210144,1,20341Pq0AyTYhP8IIzfXyUF82144
0,0.375,4.801453590393066,0,1025Ra_IZNvQuUI7Ec5aTeot341
1,1.0,14.008815288543701,0,1596hz1gsYK5o6xA9WxD8x5Q1247
0,0.7142857142857143,12.736241340637207,1,1389NIt7VpLR3rFxLFr6lrvJ712
0,0.8,12.391637086868286,1,858nySH6AfeIgauM40DaAIr2725
0,0.782608695652174,13.407053470611572,1,1218OExrGg3DDUqQ_BBB10Tn3102
1,1.0,10.346080780029297,1,1385ik6Ip2I4xXAHzd2hJNiR722
0,0.6666666666666666,10.697623014450073,1,1814rsETf2eToNtZrivLqKSE3401
0,0.6666666666666666,15.723475456237793,1,2090kIQgIF1t7Ra3IASVYGL71532
0,0.6666666666666666,11.095583200454712,1,2578Ix0kGXjoeJXUfAshA75j2438
0,0.5,16.600894689559937,1,2655YDVlTu5g8XP-s_xoiAGt1094
0,0.5,18.349923610687256,1,3020ZTgHQCHhDPV1YzPtr7cD3816
0,0.5454545454545454,3.044156789779663,0,1172cnB3XirJLf2l_lj2h1NR3237
0,0.7586206896551724,16.183225631713867,0,935UD7iycK3BrOizCyeWBg22526
0,0.47619047619047616,18.16970133781433,1,2585Y2N2cI4AQIUUjwHj-pWh2425
0,0.2222222222222222,3.9326398372650146,0,1567OzoMV2H8D1C1oKf9kJ7U1317
0,0.6666666666666666,7.74626350402832,1,952immu55E33w37RJlOAkR0545
1,1.0,9.665862321853638,1,2057ITnDGLVg5S2wqKJ__VIR1628
0,0.9230769230769231,13.191718101501465,1,2470-I0Ycn3m1ADgtmf8Qlse1851
0,0.0,5.906262159347534,0,3c4b71cf4cf54a5d94e57f4468f19835
1,1.0,9.249627113342285,1,1757EM0iCe2_7c-3VFdC07DP3532
0,0.3076923076923077,15.876639366149902,1,19734HA-piKOQCj9cOheHeMR2250
0,0.7999999999999999,12.758920431137085,1,1837DjnvLKs92-s8s-2bK5zI3339
0,0.37931034482758624,23.503021717071533,0,939UKiLhBxA_KgLZ3hrXrJ0583
0,0.56,12.286641359329224,1,2649du0NVM86G2VsbeYMwrgl1109
0,0.13114754098360656,12.859435081481934,0,2208FuW7GAKFmCyvVin50esl4075
1,1.0,9.592871189117432,1,1448zBLLz7KDRP88dG5hhHYA2115
1,1.0,11.831077337265015,1,1031ZvlfbMyu93rSJ9xhYFCe322
0,0.33333333333333337,3.106374740600586,0,2052RvSs680PHPtZuennk4-w1643
0,0.10169491525423728,26.603920221328735,0,1224ZpkYHN34yzQX3zAz1Drn3083
0,0.5,9.698767185211182,1,1554YNq8lJaLBlAPjkvuXlSf1355
0,0.1818181818181818,6.543919801712036,0,2507s9ZR3iJP0z5Z6_djlvFa1765
0,0.4615384615384615,13.465809345245361,1,1580Swc8yb1vcok9FztLAWLx1290
0,0.47619047619047616,18.480426788330078,1,2981ylD4oznDeHfkfO4lmbTY3905
0,0.6666666666666666,13.438599824905396,1,20197usgJIJQ8MWVNmERwalT2177
0,0.888888888888889,10.053415060043335,1,1534DljtGtyMC7VBZ7LOjAQY1936
1,1.0,15.415481567382812,0,1419tOWt7I089hJ4HUoPR6EI630
0,0.35294117647058826,4.399964809417725,0,1033Dt_nnXnaknyIGfmAyPvx317
1,1.0,9.536715269088745,1,599uREx6nun3gOEAd8YzR5s113
1,1.0,12.704285383224487,1,1030cFCd9o4jSm3pwYZj572K326
0,0.23076923076923078,14.350149869918823,1,2508GyO7kZECUGQ3Ln8manrq1763
1,1.0,11.115397691726685,1,17575vjW6q5vpBlTdRADa0J73534
0,0.12244897959183672,9.016753911972046,0,2383_zZGxCRJzjykFJNk3Fql3682
0,0.375,14.712987661361694,1,710GPosYad0qKlTplL9V2RU2852
0,0.8,12.479193925857544,1,2235T3dDg5JzleG0wsFMwsrI4004
0,0.09523809523809523,5.615026235580444,0,2560nGtG9OY7-88aqDalhuYv2470
0,0.8181818181818182,15.055583238601685,1,917H85feKu7mH3ttN3VtfQZ2573
0,0.0,1.3584811687469482,0,1982gXuf8xxJfqlXCJ0lBbBx2236
0,0.33333333333333337,19.027547359466553,0,1546qtYa8CJzD3uH6TiJXvze1375
1,1.0,10.713050842285156,1,2168vUp0MK_q-eM7E3DRDsyT4176
1,1.0,11.700407981872559,1,2632BRHiLLVNas_DcfbmC3c-2330
0,0.44444444444444436,12.785236597061157,1,2540AN6ZYtBeG5pfPlBiUeCC2510
1,1.0,11.051512479782104,1,994Sida6rlY6gttMLbmo18H294
0,0.25,15.75073528289795,1,586KitV3SprRbS0Gf9jJzYW152
0,0.0,12.230541706085205,1,1800AHEt4m27Eec8QRYN8CrP3433
0,0.3076923076923077,14.390397548675537,1,881k4icJUV-D69snt3YwNkN2669
1,1.0,12.771718740463257,1,2174jnPDST2ssGQAHmj94OFQ4159
0,0.11764705882352941,3.359659433364868,0,1830MpIhGxEOYndLD4ltPTIl3361
0,0.0,4.195263862609863,0,3008p0idCpuhxmLUgt3xPUiv3845
0,0.0,2.562821865081787,0,680SoWSzZf-Vj7dvc7zwoPn2925
1,1.0,9.654460191726685,1,2605xGWRPmjAX3zTTpbG5G9l2380
0,0.8571428571428571,12.02557921409607,1,26727Yse7GsoM0NaNss8TBWk1046
0,0.6666666666666666,1.6030054092407227,0,15886mL2IQG8B6jETUgnOHZc1268
1,1.0,12.033990383148193,1,1461ZfZbXtvbUZA2_jR_fhkR2090
1,1.0,6.9853339195251465,1,2701_eTSfG0kbk-njomBcNgv960
0,0.06779661016949153,29.125985622406006,0,2231oKXyKiZUC2dpEO9h9RY-4017
0,0.7272727272727273,10.817962408065796,1,2365rte00Z2XRNdvvCufE-9W3720
1,1.0,11.365277767181396,1,1234WIzl7ElikCCPk4gA-7ua3058
0,0.0,8.156111001968384,0,2364oU8m6CS05FyyuZgf1_IG3725
0,0.0,10.50707745552063,1,10361heR9e1kTvvo1NiiW5Ae308
0,0.5714285714285715,9.164698839187622,1,1619WNMGVblYkoUK6xqbFIWj1181
0,0.4761904761904762,4.262258291244507,0,2589xXJabxuTAbaSikLKRb-g2418
1,1.0,11.288261651992798,1,650c9GCkujN5yX2Hq3ptgvj3003
0,0.4,12.176517486572266,1,2024omrZBF4Urqdr7C3eyKVT2168
0,0.5,15.982638597488403,1,629HsNl5Qf3THUq_CbmFrSx28
0,0.6666666666666666,14.218334913253784,0,2472J9OcrMuEU-NMunTzS_UI1846
0,0.0,10.133305549621582,1,1028r9dv8iRRQSL7Ihwkp7tz330
0,0.3846153846153846,17.573737382888794,1,2683ZWKumnsegnDtGeIxL8lV1013
0,0.6666666666666666,11.738751649856567,1,1589mo7D-joKXh635Vo4Jd911266
0,0.4117647058823529,15.823633193969727,1,2156cAAwtbnblT7bk5Q4OXmn4206
0,0.08695652173913045,24.20234513282776,0,26914YUvq_aYLzOyH3_GkM4E989
0,0.6956521739130435,14.197312831878662,1,1025Ra_IZNvQuUI7Ec5aTeot340
0,0.9411764705882353,13.352153062820435,1,2997pY-cnb_SN-LcFfS41l9P3870
0,0.1875,5.995614767074585,0,581eQPPkrKHcN8_8Sw_9yqc167
0,0.07407407407407408,5.955782651901245,0,101195_WiJNTm5lUVJPBEQsu380
0,0.0,1.8093574047088623,0,2957RON0RMexHAq6R8NDth-G3967
1,1.0,9.441434383392334,1,2229yjbOaiHjJ3l8FpptH4HW4022
0,0.10526315789473684,14.803353309631348,1,5460SSbREtZ85AA4OPt7HWf271
1,1.0,10.24190354347229,1,2493Wl0nyJ_0srCt24KRwauj1800
1,1.0,12.539814472198486,1,1461b77FDHPFXFe4yi5Nhcwr2091
1,1.0,8.817360639572144,1,1578v7s2xtga3UWShr9dGwp01295
0,0.0,5.783026218414307,0,1798KfLl6KS7V9XT4gra5ItO3437
0,0.0,16.57492709159851,1,13571OZrZVDhI2J41tg7Luts799
1,1.0,8.693853855133057,1,1556RL1OU4mcoPPe2rTqDdxN1350
1,1.0,11.500664234161377,1,640UbntiFko68p3ukz6iGpI3034
0,0.0,1.6143288612365723,0,552u6iTkQp7-Upz70482xTM254
0,0.42857142857142855,11.772839069366455,1,2134Bi8K76FZoKK6ZdoHexNd1407
0,0.888888888888889,13.32087254524231,1,2950gZ4P4mJPFr8zvaCPmgqF3984
0,0.8,11.312371015548706,1,1185QUMqAkrbMIjcG5gvt2YM3201
1,1.0,8.726615190505981,1,1512f5HEXhPfS3cf7nh-tboG1992
0,0.2857142857142857,4.56260347366333,0,2589xXJabxuTAbaSikLKRb-g2417
0,0.7272727272727274,13.423197507858276,1,24403xNlc7XEY3nh7XxknbP31918
1,1.0,9.006844520568848,1,1764sM214smx3pexNt7ihmYZ3512
0,0.05263157894736842,11.869643449783325,0,2091kDMDjhUS9p5SR35iSJSB1530
0,0.33333333333333337,12.239141464233398,1,1459Gtt57D0AV39kKJE2bz4b2095
0,0.3333333333333333,4.110401630401611,0,20751yhuHsp4GA5IYz4deJsk1577
1,1.0,13.258765697479248,1,1411rDFl1-2KKRZG_zvEhPJb654
0,0.4444444444444445,2.7065038681030273,0,616OWtj6d8Wd_SHB_8cDpHD67
0,0.6,2.235534429550171,0,995Mjg3IZGW2wc7ddFCk8vg418
0,0.0,8.550041437149048,1,707rbJ8T66FV5pGZGyETeS02861
0,0.2162162162162162,35.75936222076416,0,2093f84OlebSpPLq7CIoCbc51523
0,0.14285714285714288,4.315056562423706,0,1201NDB1j3x1mhteENUtx2Uf3154
0,0.3076923076923077,12.322526693344116,1,1210NBV6o_IHthJvbrF9UTR43125
0,0.125,4.597829341888428,0,1546qtYa8CJzD3uH6TiJXvze1376
0,0.0,9.53696346282959,1,1802TzfzNhOqk3YbRW3ibRGt3428
0,0.0,17.0653395652771,1,9060M-eUQVT4tdQgPtZ-brd2608
0,0.0,3.4991536140441895,0,9229vCEiyj7IT-qcEDEXgvZ2560
0,0.5454545454545454,14.18128776550293,1,1950b8OIQ8bzZrEdme_QFejW2297
0,0.13157894736842105,24.52912998199463,0,2410IRpfau2-Ltn2-LoMkPNf3631
0,0.4615384615384615,14.325418710708618,1,2588DwrxR7iNWl5O2r3FLLSK2419
1,1.0,10.384635210037231,1,2640qGTRBDkuytVF7DgH9rac1133
0,0.15384615384615383,13.702143430709839,1,9708OuWanhVP-hqUoh93Luk491
1,1.0,9.882081031799316,1,913vnJ7FuCx73C-Vyaofcns2587
1,1.0,11.219176769256592,1,1945_7jADD_G_gdbFReCrUtY2310
0,0.09523809523809523,5.326573133468628,0,c06d584fa73d49c8b8277354ec563cba
0,0.5263157894736842,15.549278259277344,0,2508GyO7kZECUGQ3Ln8manrq1764
0,0.4444444444444445,12.497493505477905,1,255102VMp0rT3lE5qKZReHI62486
0,0.10526315789473685,4.0803563594818115,0,2655YDVlTu5g8XP-s_xoiAGt1095
1,1.0,12.798537969589233,1,2103yGieEHPDGAmeuapsFKsj1498
0,0.36363636363636365,4.5503575801849365,0,1373md66uV8NUYn6tLcFPoUa755
0,0.5,9.224282026290894,1,1785-_093vWZJxwqV0Mwx6bG3462
1,1.0,8.157257080078125,1,1381nh2SdDr2eWku393B09QY735
0,0.0,4.069952726364136,0,1606ixCVPmgAtLujhTmR7TkV1221
1,1.0,14.86896800994873,1,1786I5qlkjh5HPU7gv2S4fXA3460
0,0.07142857142857142,3.97847318649292,0,2499V-2FlPo6WVsoWpisdH6C1784
1,1.0,9.206953287124634,1,1528gtejhc_4xiAJRnNQX5fY1950
0,0.5,15.880688905715942,1,708Hy1_nMQxQpRgTmBhJ1IB2858
0,0.8571428571428571,11.802090406417847,1,3004GygMUfp60E04HQswkbY53853
1,1.0,8.533208131790161,1,895GTgHWgOsJfWGzfuk0cBw2640
0,0.4,1.648078203201294,0,2374SSI1oS9XmyEgbmaPIMGm3700
0,0.6666666666666666,9.677404642105103,1,2224WT9qVEbYuJZkZlYlFqvu4039
0,0.0,1.263803243637085,0,2615nIRZaSedAQN4xOsUpgWf2369
1,1.0,11.142314195632935,1,2340-UH-PIG4sGreW8w-HZcs3780
0,0.0,2.172283172607422,0,2604w8Y2Cl6uiR5M0-ejmWMM2384
0,0.0,9.420160293579102,1,1533QCzr5BjBIkY0Ic8bG-GH1937
0,0.0,3.002896547317505,0,2026yIVtrJbiaYcqiJLKF7l92163
0,0.13333333333333333,12.475109338760376,1,2647wx3YQTfZqS0kaThBNcMd1114
0,0.6666666666666667,12.677537441253662,1,953eF6SuRKllGSbKQ3CTK_8542
1,1.0,10.772294759750366,1,1426bEr-N4c6lQoKgO9HYKbw611
0,0.18181818181818182,3.133756637573242,0,713-mcsQX--u0E9HOv0wOBY2846
0,0.059701492537313446,53.32350397109985,0,2173oSldYZR3JLWnzYW3O77H4161
0,0.125,4.309349775314331,0,556P8pjHZyb4ejA9BA5GDtx242
0,0.6666666666666666,7.796705961227417,1,1805jD6pXVUKWTExN0qvvGu63423
0,0.22222222222222218,2.5992820262908936,0,2080DF2p6ax3v1-aUbtGWT4O1561
1,1.0,10.295460939407349,1,15208OmvhIK608dqFRGSSOAV1973
1,1.0,10.09923267364502,1,1143GfNyvAU7ymTE77VLNZnG3321
0,0.3333333333333333,15.421981573104858,1,2108cT1EpZ4KVx-gQkxVCsU81485
0,0.4444444444444445,9.660076379776001,1,26242_7PGIerv2Q0zGtONaPz2353
0,0.0,2.1800923347473145,0,2206I8Vkp53Zdu1cUBnnuvdS4081
0,0.36363636363636365,13.698280334472656,1,3025_iaJPF1EGsooMPEGZwvG3806
0,0.2,2.854748010635376,0,260778F0v0DAsxDp5cLyPs1O2375
0,0.09523809523809523,4.4088709354400635,0,1430c-EOOP47sw8eHQFzvYMg599
0,0.7777777777777777,11.67405104637146,1,2376Yb5AiC3i4WBM8VzRNZY73697
1,1.0,11.943207502365112,1,30097-Lb9tKHWA_8Z-1p8-LH3842
0,0.21052631578947364,15.551433324813843,1,29814YmrvhgM84gEBT0lVxvw3907
0,0.0,23.178900003433228,0,569DSGp7NYhekO9pVIHrI21203
0,0.11764705882352941,12.810370206832886,1,2651W9hIkNcmdRVAlG6zUyLS1103
0,0.6153846153846153,13.432430267333984,1,3014BDldoLr7qRhv_7TSXE6q3832
0,0.5263157894736842,20.18550705909729,0,2979WuXci60uJEdQnVCd4Xjn3912
0,0.823529411764706,9.547669410705566,1,2649-t0VK97BxI7xwcKTZLgQ1107
0,0.5,1.2649378776550293,0,1368uHWjPP6hjmEyI0Uea54f767
0,0.8,13.71981167793274,1,2060X2wuRhZlsLWO7ahOjJyR1621
0,0.42857142857142855,14.131745338439941,1,29900qLcvUk1IANwUoRUksL83885
0,0.42857142857142855,4.587219715118408,0,2466lC31cH6baEqjSIz-P2Z51863
0,0.625,13.496204614639282,1,102860x28lgIYl08vHuvaK5q331
1,1.0,8.17889404296875,1,636bdCEp-ei65RvphUV5kzu7
0,0.11111111111111112,8.995421171188354,0,17502DSDScCdCbid-xPukm5G3553
0,0.5555555555555556,10.779122591018677,1,1765lhaAmt-FyNdNGZEF0ee43508
1,1.0,12.34152340888977,1,1973ZkDmgLcfAz_KK8nK3nfI2248
0,0.0,2.6068832874298096,0,1489_LmzgmYgdCJhBmnZ8hvL2034
0,0.21428571428571427,12.59165620803833,1,2664AqK615zaJ_528hvbvtPb1071
0,0.27777777777777773,22.04154872894287,0,2572QIeAiUrm-El8uQMnoPL52451
0,0.3076923076923077,3.2164463996887207,0,2950j5cEVzFR9tlrOy98K8cj3982
0,0.0,2.007319927215576,0,5601RlVQQ13ZMVNw8QCNW6F230
0,0.6,13.52492070198059,1,1603faGMdBUg02YqijMJnA3w1230
1,1.0,10.37212324142456,1,2048CtOjaqKkCnfN40uLcP5L1652
0,0.4864864864864865,18.07141375541687,1,15611Xd1lIWLRyaQ6bXEMZ0W1333
0,0.4,14.233697891235352,1,1804uzeMzyojontOD0RrTKB-3427
0,0.846153846153846,14.873724699020386,1,2234WunkhYpA1H7nKvUqH4fU4009
0,0.4,8.448444366455078,1,671tmMHr0OIhb3ulvq5ranP2948
0,0.4,11.51451849937439,1,1577OEbmLnj5geKIc3Ms5Gtk1299
1,1.0,1.267836332321167,0,1944pItIJgcM-r7jQqPj2HMs2313
0,0.5263157894736842,23.294859409332275,0,1500Z1H9hCVclLHKdcfBz5gq2021
0,0.0,2.6398956775665283,0,2496IsKGXtB1XHAUH-HYoq6R1791
0,0.5454545454545454,2.756913423538208,0,2135JNizCTqBzs-NkJ-0GhnT1406
0,0.5217391304347826,5.183807134628296,0,2951jT6DhbJBxVHu10Bg2oXX3980
1,1.0,11.374362230300903,1,1532jmPrtawUKEP8PbFN0KA51942
0,0.16666666666666669,16.75614023208618,1,2397ngYUHwjsIyhb2KRudMVS3655
0,0.5,14.413774490356445,1,697bJxNrY0oHPPOp9A6H2w-2884
0,0.5185185185185185,12.672608137130737,1,2418I5yqyRb98QY4tLtXIn9_3621
0,0.875,11.01935863494873,1,2176_V6iXioszwPbfdPjMwxq4154
0,0.42857142857142855,12.332990407943726,1,1634rEU-bIULINidGaTwrGNb1146
0,0.0,9.02043080329895,1,999gah7KDso3MxqZMK24KwL413
1,1.0,14.931640863418579,1,2211wsW8oNaSRcLGzwyfLWhi4066
0,0.8148148148148148,14.14011025428772,1,2658kpZ5jhLWnxu93y4HPmEB1086
0,0.13333333333333333,7.419981002807617,1,21437zdRayffhAEAXkARmi9b4241
1,1.0,9.490129709243774,1,1502t95YZwb3DBEc50kzbs112019
0,0.8181818181818181,16.35008478164673,1,694HnOVoSnpyv6ljVHWDfeS2889
0,0.8,12.289138793945312,0,1433yR4Rdyzq9ZDjN6qZOB3K592
0,0.42857142857142855,16.320770502090454,1,1187yN2Y5xluovzwpRCb1U-23195
0,0.0,12.538819789886475,1,1544URXllxvZje97Y6Ow4nWo1380
0,0.06896551724137931,7.617792367935181,0,924pjumaMwKOEdZ-UotwyI92553
0,0.13333333333333333,8.226973533630371,0,2236OY8HQU0L8c2zBLDDSfzl4002
0,0.5,10.398989200592041,1,1577Tx9C-i93906ZHG2xsANm1297
0,0.13333333333333333,11.43816590309143,1,262821L4N7qZnsAQ8yXausca2342
1,1.0,12.295238494873047,1,30239qJxzKpT4gziPvpN4Rqd3811
0,0.0,15.245126962661743,1,964RapMeSY8FyWlaMkFUNk8508
0,0.07407407407407407,7.12954568862915,0,5760zdXs4a1j3W7Ec0Pt00y181
0,0.0,12.469576597213745,1,2670fxp2HMG8cuSsty0VDUYi1051
0,0.19999999999999998,18.818334579467773,1,2675d-90_uKGpaHgp3SdT5rO1036
0,0.0,2.857133150100708,0,1942fMXkD48PYS9_snttkRcW2317
0,0.375,14.503011703491211,1,134108m1Km6HBkINwlourrYc848
0,0.6666666666666666,12.000852584838867,1,946vx136i7MuQFGnOLt3hDn561
0,0.14285714285714288,12.479177713394165,1,18101KP3McThNf4JrT7MhYDK3411
1,1.0,10.731751203536987,1,898Q-3kYtPG_vXcdvoFxJxW2631
0,0.5294117647058824,14.882993936538696,1,1595fYgFcFNnWFaGQLEXRtcJ1248
0,0.8571428571428571,13.113926649093628,1,1435t5gBGAM2so8S89BXRimx590
0,0.5454545454545454,11.531968593597412,1,599uREx6nun3gOEAd8YzR5s112
0,0.0,8.944064617156982,1,11638Nq_dIQoWFn79xtu-dd53263
0,0.0,2.180480480194092,0,852ZSryt9TK0_Cz0XclTy282742
0,0.09230769230769231,29.06451177597046,0,2687GNgTIwftLmhQl-ULlyIq1002
0,0.0,4.229626893997192,0,2644fKUBosjdYiAeduy2FQVF1121
0,0.3333333333333333,1.8563182353973389,0,20271DZtHLqghVOFTovejUu02159
0,0.18181818181818182,3.5733425617218018,0,1971wAtIPOivQQGrt9-QMXKx2252
0,0.42857142857142855,13.099794626235962,1,895GTgHWgOsJfWGzfuk0cBw2641
0,0.4444444444444444,11.975126504898071,1,2495cQqgzzooS13bDr8Ph6Gf1796
0,0.0,3.8227834701538086,0,1378FVemXRFOIu42MyzpJqK-742
0,0.4615384615384615,13.619154214859009,1,631gfVFI_1P9ON_SQmft4dC23
0,0.0,9.743943214416504,1,730-sg8DQC7Q6MNsKvBhO3l2800
0,0.0,10.585336208343506,1,19886xZ3QL22JgKPuzBHbhPo2221
0,0.0689655172413793,34.074315786361694,0,595rx4ZMYA14adC3NekLAhW124
0,0.24390243902439024,18.87641477584839,1,1214Ok_4GK2IaQBQ79ypkNPy3114
0,0.2,3.167410373687744,0,1617DSC5R_p9RerIchibaVxE1187
0,0.4,12.139211416244507,1,16098VmMKHS5S-zIoi9Lnexu1213
0,0.11111111111111112,14.443470239639282,1,1405rcqGslh1c27GRanvx433670
0,0.5714285714285715,11.8325834274292,1,2719WfPBP5JMsTcRPHcHpNOM913
0,0.4444444444444445,11.981914758682251,1,2591f3d7XC4L0cvP4kCC70_a2414
0,0.4,8.043145179748535,1,1533z2Yfjif7NuyxeBQgP_HF1938
1,1.0,11.653189420700073,1,2422AkNZxKVfPVF92vs5qzLX3611
0,0.2222222222222222,2.9591400623321533,0,176272iLN20O-jOavSbCNQan3517
0,0.11764705882352942,2.5832278728485107,0,1608Cjwz1f5MVloyXDrYtYD11216
0,0.8571428571428571,10.959881782531738,1,1138CmWVAsyJiAlk5YMGolJH3337
0,0.35714285714285715,19.444344997406006,0,2725wuIIBvm6m_bXwQlOlPpe897
1,1.0,9.190986633300781,1,1503-OeysybldRIrK-6Seqce2015
0,0.0,1.1947517395019531,0,1371VdM9y71lHCPan3KXr3WS759
0,0.3225806451612903,18.094677448272705,1,2458nO0QxOBFA2uGin02ZUeR1877
1,1.0,11.104892015457153,1,1197ycLPMsis4jTkwSPiz6RD3164
0,0.4,15.344066381454468,1,1380vA5P1fp-1XlZm7dLip3Q737
0,0.8,12.861196517944336,1,1025ZadbOp7BrFP2karwsuNA339
0,0.8,17.384723663330078,0,699OiEXRKj_U0b0vWMEpACW2881
0,0.0,1.4185428619384766,0,2186ULHrp_lvPj5LDBoeTtdH4131
0,0.33333333333333337,11.534274339675903,1,1804uzeMzyojontOD0RrTKB-3426
0,0.8,12.735565900802612,1,1637oAol1FhKHhQdYFj8rM9_1137
0,0.46153846153846156,12.080238819122314,1,559ldmP2ngc1Q7BVHfHwYZC233
0,0.0,5.590813636779785,0,2062pqfFSy4vUpvOqO0esuQx1613
0,0.3157894736842105,12.248117208480835,1,1471q7bJiZQDI20zdeWOjTxp2067
0,0.5,13.411516427993774,1,2369Df519g_V8jVHWQoP3PG93711
0,0.25,2.399712085723877,0,29518uqYYNpuxSl_Dm5Ls_Jm3979
0,0.25,5.87521505355835,0,606ydc6r27eppB2SC3CIOZ595
0,0.0,10.452604293823242,1,892NlSY0o_jjuvHCLz66OUl2648
0,0.0,3.0563814640045166,0,8800eSsNgilzH8vuQNt4Jml2673
0,0.6666666666666666,11.942201137542725,1,2088JK43LFzYUw1btqpa9PzL1538
0,0.1142857142857143,6.411216735839844,0,1418rlNVb_RqqdBIh4q8Vz-O632
1,1.0,10.499919652938843,1,1196pKofKEiQ1ZBZSetE64_G3168
0,0.21428571428571427,5.6397504806518555,0,25604fSMJJe0iDDONhUpmjzE2469
0,0.0,11.812789678573608,1,2681RVH7HXkHR05ejdYsqsI41018
0,0.0,5.4929187297821045,0,965GQDApWgsLm2Q6M9oCXXz506
0,0.0,3.029855489730835,0,1986ywsnzXO8mfN71y1-tg7v2228
0,0.8,9.831657886505127,1,2648m9dA7rTQjYDXrTlBjn3C1110
0,0.16666666666666666,3.686647891998291,0,1611MZZJtpt_K7BKLoHaLOLz1207
0,0.0,4.310045957565308,0,1184C_LA1pOBVN-7HWp0PVT03205
1,1.0,10.781862020492554,1,2576l9x6n1fNR9Eyt67rO1Sa2443
1,1.0,9.43983268737793,1,1551RTdCvKw-4XSQDEMwDw8W1364
0,0.32,16.43578052520752,1,884Pnp87xexk_HDsVBlYF5I2663
0,0.0,2.0204617977142334,0,1767VEuCAyUVu8RWl4oT_E163504
0,0.0,1.3182332515716553,0,9800iElAh33OivZxcm_4tCk460
0,0.2962962962962963,20.89029598236084,1,1781v4O_2XdfE6Nu9HHNiBxe3470
0,0.25,2.837900400161743,0,5f8292eaf4f94d329c966d56cc866421
0,0.2222222222222222,12.054463386535645,1,2642Y-shkE7TvvsDno5omjMf1127
0,0.24999999999999997,13.198561906814575,1,580nH6LvFdvuQbuzorAxkmf168
0,0.18181818181818182,4.595723390579224,0,1415xOKyGuKnDwYbWfqm8DyH642
0,0.25,13.668045043945312,1,5753KHX9NUZ-uCbV_zi_V4J183
1,1.0,10.617226600646973,1,691pqnhMyJfTBtJrs_4z71s2898
0,0.2692307692307692,22.63162851333618,1,2671UDFIl4lCabvUQRbVginc1048
0,0.8695652173913043,11.74282956123352,1,2595p6qxVIXlogFl1fTrX8fj2403
0,0.5714285714285715,13.842743873596191,1,1817S4YdUgIpGi5YXH0jwLkQ3391
0,0.13333333333333333,3.1842384338378906,0,660LK3Me9by6QtGlAhc9ZgG2977
0,0.5714285714285715,7.414952516555786,1,6697jIYtcKSoYakHzaLUALm2952
1,1.0,9.763214349746704,1,19562G4XhcAWDDltouKXoTDE2285
0,0.16,4.357536792755127,0,1000oBQNQPnj4fxpXtFV1g0J409
1,1.0,11.679972410202026,1,1177mo9QxepXvRmIEbov-3wB3226
0,0.0,13.749963283538818,0,2131ThABbwh5RS-HlVdmLPDZ1418
1,1.0,11.66309666633606,1,722Zb3Sw31D8-m69waDslkm2822
0,0.26666666666666666,3.4100849628448486,0,2210Bc69tRCp2-mf6PkRz9_C4069
0,0.75,14.700244188308716,0,1399HAUAi3igcRp4kaiXBS34689
0,0.4444444444444445,3.0905227661132812,0,2111pGUGejfL5WACso3SLJbt1474
0,0.22222222222222224,2.209773063659668,0,1585D6y_4Zn5mH0JozDs766v1277
1,1.0,10.049468755722046,1,2615GCUYxQ_Kg8yTnaAtYYpJ2367
0,0.125,2.5979630947113037,0,1354mCWTp9JbO_9CEDgtcsqF809
0,0.8333333333333333,9.115896701812744,1,1545g1Tb818_JNDAuQjE--ZZ1379
0,0.26086956521739135,31.72460389137268,0,9171SqPvS4Y9VVB9rn93Vi-2575
0,0.6666666666666666,9.539623737335205,1,303107UoTeL4eaT8LTnwXqyK3796
1,1.0,13.497733354568481,1,849q68W7IxX8-DQe5gM8Mee2751
0,0.24,15.123723268508911,1,2515f1PtJHMiB1tlaUewaK_M1748
0,0.0,1.216284990310669,0,2173fu4XUTuowr7JXVT_qKR14163
0,0.12903225806451615,5.553962707519531,0,13565ziQq0QewrGcH_w9CYT3803
0,0.36363636363636365,10.303762912750244,1,731bdFMw_WBEsLLGgw0OqIo2798
0,0.375,4.9764580726623535,0,1827xEul6GY6VzOmjE6YoZOI3370
0,0.3174603174603175,32.46116399765015,0,2995FYU3dbcdZ2Om_eXNrFz43875
0,0.0,3.5543177127838135,0,539g1HipZa4q8coORPOMHwj293
1,1.0,11.77768087387085,1,14107ccx8je7uhuc_ZNy_Evl655
0,0.588235294117647,12.572825908660889,1,874kqKcdnSqPr2kHFDtCs872689
1,1.0,1.2422130107879639,0,11978_NZ80-7iblXNygjG5Mj3166
1,1.0,8.055420398712158,1,2170uR1FxS5nUGkssv426mqU4172
0,0.7692307692307693,10.39491057395935,1,262821L4N7qZnsAQ8yXausca2343
1,1.0,1.0910255908966064,0,1834NW74vQRAIeg4u9-lyrFw3349
0,0.5,13.860920906066895,1,628A_ztdoD85Pm7Hd6Uv2TF31
0,0.5454545454545454,3.0310962200164795,0,2417mVau_Gooa9D5PxRnhLKg3623
0,0.15384615384615385,15.314316749572754,1,1401DngdKRka9HWtSFdUlGtf683
0,0.5,16.493826150894165,1,2107a4gQhq9F4QB4GLnMXPaW1487
0,0.12631578947368421,41.599682331085205,0,914b0zdkdwAh3xlbhnY8du72582
0,0.26666666666666666,2.805617332458496,0,6051HWp8diqm_U2xVdalV6U97
1,1.0,10.202418088912964,1,648p8TjJdUhvz1kzwnKAbO63008
0,0.8571428571428571,8.301516771316528,1,182447yf5Kxgmkoq18WzZ-kB3378
0,0.0,1.6946871280670166,0,984CNpDqalkISFG_gY2XwD_449
0,0.64,15.517521381378174,1,886LRP2H2vQHems49GkFtqW2659
0,0.0,20.962084770202637,1,2037xYCP17QpdbpzHpni7UrG2140
1,1.0,8.734286546707153,1,25455IQtG99FiCeeFOTa2qBu2496
0,0.3157894736842105,18.568246126174927,1,1591dOdM4uX7gsb6h9hiAaa_1258
0,0.4166666666666667,12.647809028625488,1,1171djG8ts4fgH31Xh8M8gZK3239
0,0.0,8.640149593353271,0,1408oW7JLFkBO33d8TQf4N0l661
0,0.4,12.296838760375977,1,1759y5yGptDhTmoTR_wEuxlL3528
0,0.5714285714285715,10.758571863174438,1,2974B_C3BlFiCXVCIZTJwilo3925
0,0.6896551724137931,16.463968753814697,1,2226GKXgfMEXDLjamZ5nzPFh4031
0,0.3888888888888889,15.97273588180542,1,25382aH87vyrbRDKXNCHaLeh2513
0,0.20000000000000004,2.2907960414886475,0,1215415v_BmzwkNXDE-6MKs73111
0,0.35443037974683544,30.777333974838257,0,24434z3j5gm_bj0nuQ8LfJIw1911
0,0.5925925925925926,17.85655403137207,1,845JLaU-l5c2oYwpqbyvci22762
0,0.4444444444444445,9.716729640960693,1,5401-KQtKiJkYnkPCmw8hgz289
0,0.14285714285714288,18.513038158416748,1,620K1_aZyohd-7lRb7mTttb56
0,0.3636363636363636,11.48006272315979,1,1415xOKyGuKnDwYbWfqm8DyH643
1,1.0,10.54414963722229,1,9567FV5fK_9tjWGUSOCiJM4532
1,1.0,15.798799753189087,1,1941vdbzlN7oVltmEKX-YLNT2320
0,0.37499999999999994,3.170379400253296,0,665rw55Ie4DPe0sqY77puig2964
0,0.15584415584415584,34.55969762802124,0,2712gqTOsON2hU4puCu5hGNj932
0,0.8,15.84185791015625,1,2176_V6iXioszwPbfdPjMwxq4153
1,1.0,8.963759899139404,1,15145mxan8eGuHJZNjBPMXai1988
1,1.0,9.945218086242676,1,2664AqK615zaJ_528hvbvtPb1070
0,0.07142857142857142,7.34182071685791,0,633PNkXpWrT5V7t9B3iNQ9z15
0,0.025,32.79271149635315,0,1491oI4TAF4mItNmtq538iaG2033
0,0.4,14.073651313781738,1,2118jdsykE0McP5cAZxVpo2d1454
0,0.0,6.099387168884277,0,2088g4bX7vmX1hWfKvtOIJDZ1539
1,1.0,9.873810768127441,1,899hXr2vSRxP3sXDcstnm7f2627
0,0.0,13.43001413345337,1,1343QtMvat2gfyOpKcj4hGQk842
0,0.02777777777777778,38.05790877342224,0,24726EVZOTD_h6siRGcBY7421847
0,0.5454545454545454,10.630315780639648,1,991UJ4U1LRmAW5-f92M6LsY428
0,0.6956521739130436,10.574258804321289,1,15230_0x3zw-YpnxYNbwt3Hc1964
1,1.0,16.752455711364746,1,2018nWjHAk4XaPTFuNjnMEQn2178
0,0.07317073170731708,38.00915741920471,0,1747m5UQck6_uvx449-K2ICH3562
1,1.0,10.745903730392456,1,1984InJu5XFguodK1Khic6FC2233
0,0.2857142857142857,17.722480535507202,1,2107cMmJ6oXMn_tX8EiA1_Qh1486
0,0.0,2.7597553730010986,0,0c20dda358fd4ba189540b04d05259a4
0,0.8,9.773501634597778,1,1564Kq9tsrgH8Jhl4M51Udxu1326
0,0.38095238095238093,11.15336298942566,1,2668AHxJtYWTzyrukwP1xRqK1058
0,0.0,6.196342468261719,0,c744d9c42ac147e4b6aa2100fee15c60
0,0.16666666666666666,3.1390461921691895,0,728o5nPELHgiol01noXmKOs2804
0,0.5454545454545454,12.922451496124268,1,2495cQqgzzooS13bDr8Ph6Gf1795
0,0.7142857142857143,14.825275897979736,0,2429paTz8WarKJwpiUdXVhCP3599
0,0.25,13.299140453338623,1,2555p5yiAg3i-K6fEVfg79C_2478
0,0.0,1.2729897499084473,0,1562tZVF0c_Hwu_jpQkNLPxj1330
0,0.6,17.257901668548584,1,1009Uk9DWEoZIQcw717YJKbT385
0,0.3076923076923077,15.477171659469604,1,1222CcGGwOypuVs066m0-Ti03089
0,0.8421052631578948,9.736855506896973,1,2051Kxj17zphNy4PvJVu6Lkg1647
0,0.7499999999999999,10.525194644927979,1,992-81dbeU4j2z_OL117yjt423
0,0.888888888888889,11.573758840560913,1,2558zZ0LNdBHfD9mCPPPKIms2473
0,0.8571428571428571,11.80126404762268,1,1616tJD99SBv5x6A67wD89lO1190
0,0.23076923076923075,16.09927272796631,1,1384F3UCzmVUDztYUe75gYZ8726
1,1.0,13.285340070724487,1,1789Q_uXiC023fjzRTDdQFGb3452
1,1.0,10.703467607498169,1,9686ZR7i7IlPRKYMLz1gLVE497
0,0.0,1.9513945579528809,0,586FyS4ZNoDr1aP3HZyVHPo150
0,0.1935483870967742,7.288389444351196,0,5727w28zIiNblkHmyplKA2z192
0,0.24242424242424243,15.620116710662842,1,1417CvbtpTdNieUFK8V6Ekov637
0,0.8055555555555555,24.537930727005005,0,2077VquGxxOX89cyl9gmMgHT1569
0,0.7692307692307692,12.842519998550415,1,1006TpLBx3Al5o1DiQaM37oi393
0,0.8656716417910448,20.481988430023193,1,714aKiFAE7PyMxPGjvvXxuT2843
0,0.6666666666666666,10.673458576202393,1,2394bND9migU-q64-anVISkT3661
1,1.0,13.067941665649414,1,17827DnV3Cg-Nfu1fRrg_AZd3469
0,0.07999999999999999,5.792901277542114,0,2346lpAFRW5wMh0QbCkt1J153765
0,0.25,2.551516056060791,0,ced58e5bda7e4c3280fe9aea708665ee
0,0.0,3.729022264480591,0,1477MEOUCxX-xvP9dW6zynAa2054
0,0.5,17.69992470741272,1,2204OywqClhMtfHv_617FgzA4087
0,0.0,4.5660178661346436,0,2475BHL2tV9VUQb2nFxwGP0p1839
0,0.0,2.651582717895508,0,54482QW5OfFiQVIWiIpVI2E278
1,1.0,11.714011669158936,1,1805f28kB0QsdrrJaSbyx3nC3424
1,1.0,11.513448715209961,1,978yJKqB4_NA2La4xU05Yv_465
0,0.3333333333333333,1.6463119983673096,0,1382_Yx0YcqIkER15lL0Mw_j730
0,0.8,1.0871636867523193,0,2041iPCDoSwc6-SSEDCFNNzL1674
0,0.0,8.859382629394531,1,592UDCpvvji8D0o4tbyHcVk134
1,1.0,10.571420669555664,1,1175f68nWVOs5WY82yUFRvj63231
0,0.7000000000000001,12.293652534484863,1,928Hu3KA-x6oU_y3HrI-1_W2543
0,0.10526315789473685,3.654217004776001,0,970ykwG5UACigqQF0ueujZT489
0,0.0,3.811575412750244,0,964ygH1FC7IV5sCZPqT4llq507
0,0.5,11.602638959884644,1,1549OXzotDTvVSxA1XYg3Qdn1368
1,1.0,10.08471131324768,1,1517RRHHjHDzsegVV1oTrpCQ1979
0,0.0,9.28941822052002,1,899il7HMq79D4iA4PWEiSgJ2629
0,0.0,4.796701908111572,0,1745gouL95j9WGSnTgRSoegw3569
0,0.8125000000000001,16.872578144073486,1,2565Fka6oc0BTYJ567R8eShz2459
0,0.4615384615384615,14.94093132019043,1,850EvvWq5cM1pQg86O2yHNg2748
0,0.15384615384615385,5.071028232574463,0,2390BO24hCThZGRINh8VZEwX3669
0,0.05555555555555555,8.236254692077637,0,1359ZuJdS_tCrQFa5IcePruQ794
0,0.4,17.011580228805542,1,2405YFMjEJVJ19AfwfKdE_bL3638
0,0.4,1.760828971862793,0,920_3eA9G_QtBFRfHPqbpXD2564
0,0.28571428571428575,12.454231023788452,1,23683s2xe5bz2so10XGK2qBO3713
0,0.3333333333333333,5.174013614654541,0,1020shbJqszE6Dwd0s9ufDFH354
0,0.8292682926829268,17.058669805526733,1,1463FoB-_-oeUnsS3sDglbN52087
0,0.5714285714285715,12.696218252182007,1,610cgbbYUhEHZ0pSu_hj0IX83
0,0.75,10.866981029510498,1,1617-HTq6axozTF-eMfISD1Y1188
0,0.0,3.5074808597564697,0,1739w6-1RejjBE98uefpWvmD3585
0,0.0,4.019082307815552,0,2065EHsPdSp_5DrQeLr1ttuL1606
0,0.25,6.792029857635498,0,1630NLRyBDonlo1Mtz-Tmltq1157
0,0.5116279069767442,15.898757696151733,1,2707gSiUHQVzCZqq8wFY2gvz944
1,1.0,13.41645336151123,1,2146tqPHx6tj2s94He2JdG_i4232
1,1.0,6.589075326919556,1,6810pXzj6X5cQY4449WyWI52924
0,0.4,12.571946620941162,1,897zxAZ4U3r-Zh1DtjSiIVV2634
0,0.6956521739130436,13.044734716415405,1,2722B2Q7xCqKAJysuUWecphg908
1,1.0,8.256685733795166,1,1533z2Yfjif7NuyxeBQgP_HF1939
0,0.0,48.57820749282837,0,1237-igIa0nSFzHyYKR3NSy73048
0,0.3380281690140845,14.160136461257935,1,2586yn1AwEdGYBYrySuVMaKy2424
1,1.0,12.617173433303833,1,1360LxZ_Vrj1sZ5dYHaRGOd6791
0,0.4615384615384615,14.775428533554077,1,1966vorrM41EahptwctgnTjv2262
1,1.0,12.941447257995605,1,1568HYHlm_FxJX3M17z-eEGK1313
0,0.0,11.40931749343872,1,707eQxJt9Y35aEN6MtyrclZ2862
1,1.0,8.871788740158081,1,1967lfLDTgzkA9Gl59C3V4Dz2260
0,0.0,5.642691373825073,0,79335fdeedb94bd2af2eaf5d32d5d97d
0,0.07407407407407408,5.366055965423584,0,1192qu70aQV6bzoD2MwG1aT83180
0,0.8,8.296835899353027,1,2966PxwWVFmyQuTm3V_AixtQ3941
0,0.4,9.667639017105103,1,9171SqPvS4Y9VVB9rn93Vi-2574
0,0.0,3.492741584777832,0,1033Dt_nnXnaknyIGfmAyPvx316
0,0.8,12.274200439453125,1,1755HI8OTnHY7Nm5CeIuPLTN3538
0,0.0,9.217490196228027,1,1619NaRhUfzIpMj5mmPmc7Ht1182
0,0.2,6.614048719406128,0,2165HuZLp-RpujYD_LZRSJQC4186
0,0.0,4.894807815551758,0,2725lLg7uHCwU2triDIo3B-h898
1,1.0,8.114930152893066,1,2698bgG-pSvhH1uH5WECCZ_3970
1,1.0,14.304621458053589,1,1192qu70aQV6bzoD2MwG1aT83181
0,0.0,4.963391065597534,0,2656m6atvpn0tFeC20KuCqnA1091
0,0.6666666666666666,8.5025155544281,1,904jIjVFDOK0pRjFHCWbvJn2614
0,0.8,11.89242959022522,1,1189K35XQ01jiETvv7rYOo0U3188
0,0.368421052631579,17.877980947494507,1,2383_zZGxCRJzjykFJNk3Fql3681
0,0.4615384615384615,12.948293924331665,1,2109wDBr_5DTMGUIMawARy5V1482
0,0.5000000000000001,14.739110946655273,1,931vejmr38S6tswRYCaqosz2538
0,0.6,15.135324478149414,1,21295BHq9T-LJZqpw1jzVi4C1424
0,0.4444444444444445,9.704228162765503,1,1575ppfrAxMc-4L7Tua7RW2i1304
0,0.4347826086956522,4.041966676712036,0,643hOw7cSZHnFDg9xSl_9rX3024
1,1.0,9.575291872024536,1,550jo6NqKN88LJy5XivwHWi260
1,1.0,10.559173345565796,1,2044egsXeT6Z85kZYfUih06a1666
0,0.2222222222222222,16.512431621551514,1,26929qhEFKe0I4Mglt2Q49vv987
0,0.6,13.579176902770996,1,2521zNHb6afBjfIeBZ-paiLV1732
0,0.6896551724137931,12.858788013458252,1,1558USBzQpgdUWBcaUu8vmKq1343
0,0.18750000000000003,4.770466089248657,0,1170ckd0uh4YAd-bKWZ_EFml3244
0,0.0,9.826260805130005,1,724vcyS179ODvzR7GgFuf342817
0,0.16,7.3472747802734375,0,842c07Yh3NdidKu-h5mkQl02771
0,0.5333333333333333,12.260910749435425,1,1580Swc8yb1vcok9FztLAWLx1289
1,1.0,10.119389533996582,1,689K_UtF9KosnX3zeO2E8S92903
0,0.1,20.08585500717163,1,679153888adc42469fa2924686e1e5fe
0,0.5,11.304879665374756,1,2159hY9kg_KDRh-iY7eVmWPR4201
1,1.0,10.428638219833374,1,17839rNVzte3BRZvP4qWRMqo3466
1,1.0,11.833736181259155,1,882RL4zKg1IQbdwrUdiW2uc2667
1,1.0,8.499702215194702,1,1406r0ltJ0ogZOEySbpwaMW3668
0,0.0,2.128103256225586,0,15387Blg_wJjcZbkwAdg3ihT1399
1,1.0,8.977197408676147,1,717GIQkXVVB0r9TgF9XjTKs2833
0,0.13333333333333333,4.9241623878479,0,554Juv49GDSnjvb85QJzKnH247
0,0.761904761904762,18.684913396835327,1,24057YiGguOU4QpG_Wn3OHra3640
0,0.6666666666666666,13.12885069847107,1,2961ZnbcPJCiADt4D4VSwFvF3957
0,0.7777777777777778,11.876314401626587,1,1561CHAGkVck74VVUABuSAwY1334
0,0.888888888888889,11.250772953033447,1,1795SmUM72qvYEGcEDAoWbE73443
0,0.6222222222222223,20.534476041793823,1,2399XuEIJxgcgTMpsR30h5fe3650
0,0.8,13.439593315124512,1,1610uoqONpVWq8hbfW0IWTp01210
0,0.0,3.646379232406616,0,683qZh2hIeeIAW7sEw3xRoe2916
0,0.2222222222222222,15.790839672088623,1,857c6PNb74Vi_KeHh7wTR9E2726
0,0.5333333333333333,25.411935567855835,0,2067_XJIXN5KQHYCN7DkmQwO1600
0,0.07142857142857142,6.407976865768433,0,1611MZZJtpt_K7BKLoHaLOLz1206
0,0.0,16.78089189529419,1,2675-gwBiwWZVyjWDUu4p4cd1038
0,0.625,11.59251093864441,1,2958RqWdfJdoUOuFb0joLgV93964
0,0.625,14.353520393371582,1,2532Ivi3Ohs9yg4eP9GRF8Og1698
0,0.32,4.736408472061157,0,625ZwZR45NRbfMFQ0oVKYjz41
0,0.6666666666666666,11.2256441116333,1,15121jIRMuOfWOF20zi63R281993
0,0.3076923076923077,12.457897186279297,1,664f37D7JhEzRWzT7PSpfeq2965
1,1.0,8.799737930297852,1,2701_eTSfG0kbk-njomBcNgv961
0,0.5714285714285715,12.196483612060547,1,30010MAQ7KJ-aW0Z2L6ThUUL3860
0,0.0,2.7105441093444824,0,2093euyG67o3cVGqrsSPrCbI1525
0,0.631578947368421,16.633233547210693,0,1613_GNhprlpdle_vZoOR-qp1200
0,0.6250000000000001,15.47197937965393,1,13557O5UDcwm79Dbe5mMKkyP805
0,0.3636363636363636,11.69873595237732,1,2136oFgVPp4a2aBSRi_E2Wfp1401
1,1.0,7.687561273574829,1,2663WQsor3o4Lewe9Mg8roUm1072
0,0.0,1.4416511058807373,0,1761O3JjMUze6fafyiPISXbp3520
0,0.4090909090909091,28.006327152252197,0,2223FJEauLUlxzo8dn725XKK4040
0,0.8235294117647058,14.066426277160645,1,1035LFxawmqTFdvZQiUCxQ31310
0,0.5384615384615385,13.73544979095459,1,24434z3j5gm_bj0nuQ8LfJIw1910
0,0.28571428571428575,8.852402448654175,1,24874ZExUiMVxjjNDRJVHXGS1813
0,0.4,14.894824266433716,1,2657Omxhm5FyXyyp4pVdXx3Z1089
0,0.5714285714285715,12.204435586929321,1,1751kG4ZgRcpVW2reI1_s3123551
0,0.608695652173913,15.26059627532959,1,1584nXcMXJnDRIJAimgA99Zv1279
1,1.0,11.27346134185791,1,1986ywsnzXO8mfN71y1-tg7v2227
0,0.5882352941176471,9.65202808380127,1,26276wka1rfL0BiynIYM718e2345
0,0.0,4.381642580032349,0,1560RmR7yEVWFqhgUfFWyb3J1336
0,0.6666666666666666,11.3102707862854,0,15158DXonYdFg-0-7RHaX8Hj1985
0,0.0,2.6598598957061768,0,5532TWtKb03tsQH8Wep0CiY250
0,0.0,13.953586339950562,1,989l-L43EQr9gwIj8urs_ta432
0,0.4864864864864865,18.820990800857544,1,24057YiGguOU4QpG_Wn3OHra3639
0,0.18181818181818182,9.707746505737305,1,2046Y3tesPObf1eU4k2Ieg_q1658
0,0.23529411764705882,11.667345762252808,1,1525U71OzY7b_K_zUbJ4Wn5-1960
0,0.10526315789473682,15.951680660247803,1,1346yh2OMAtmfNpcRNt1SLy0832
0,0.4,5.441498517990112,0,1180si0MHWiDkF_QSrRg3Bmr3217
0,0.4444444444444445,12.407399415969849,1,1002OYjKgvY_WrTVyv0BBUq7299
0,0.6153846153846153,13.51803731918335,1,2143rWgXIxnPTtsFFOBT0X5t4243
0,0.1111111111111111,5.399959564208984,0,99301Zg9cGHX9Gf1_cI5mfK421
0,0.0,16.200663805007935,1,848WrFnYlhM_1QL8XRIK-nh2753
0,0.06896551724137931,15.25352931022644,1,2158_3RZBuLXPIO5koP0W1QD4205
1,1.0,10.403530836105347,1,18101KP3McThNf4JrT7MhYDK3412
1,1.0,9.612348318099976,1,1451JJuYQ7gSCXBvwOXzxUO72111
0,0.5714285714285715,9.18919324874878,1,882RL4zKg1IQbdwrUdiW2uc2668
0,0.5185185185185185,17.929146766662598,1,2162sIzRzzGNPsYc1OfiUIPo4194
0,0.11428571428571428,6.094400882720947,0,2208KPJx__8bPSCeN9p1Fi0X4073
0,0.4,12.800597906112671,1,20726paThEg6FmxDxiNte-9n1586
0,0.16,17.375120878219604,1,888Xb_uMPfibcJslsiGts6V2656
0,0.5,15.155301094055176,1,5918CIG-j-Z17AOK4yE-cPc136
0,0.2285714285714286,15.404916524887085,1,2478p3DH7qkwbYJIQjszTbcE1828
0,0.3870967741935484,14.420418739318848,1,957C6c8UBXNxelvZ_YavK28529
0,0.4444444444444444,11.851970672607422,1,1206pt-2ozhsCeZeJuJZ11Ii3139
0,0.5,14.25657343864441,1,2049EiSr8AWG9INgthccDLTD1650
0,0.0,12.693501949310303,1,983A961flzSyGYxt388JvI9450
1,1.0,12.363959074020386,1,2022QX2eDjcZ4dsu7lONZu112170
0,0.4,1.5911505222320557,0,5692z3V0IN830k8XsO-Od4W201
0,1.0,8.17990231513977,1,1225RCrAx9wJxpkVXOhgrIVp3081
0,0.6666666666666666,12.181065559387207,1,564nvWBMTyMNmhonDBcxkha217
0,0.4,11.26139497756958,1,2053ydHY-RsjDaaTRo5IttrE1640
0,0.28571428571428575,3.6563146114349365,0,682I2vidJcfbbqgpGrTK1XG2920
1,1.0,9.503840446472168,1,2573Yesh6cIYKXGOxrwMiFam2449
0,0.7000000000000001,14.974638938903809,0,972wepQM0WfoPr49Ged8v0v485
0,0.12371134020618557,38.81709671020508,0,1401Qipsx6VOk5VqTYL6uR-s682
0,0.28571428571428575,10.93743634223938,1,61542RmhOWwUxAJySFjDV7169
1,1.0,10.707632064819336,1,2653htyng3Z_tsonlTCkn_QC1100
0,0.11940298507462686,33.75084733963013,0,1492M31dOPpyF5MFUXJiJfx52030
1,1.0,13.457386255264282,1,1586CJRbcCFLoT3hGLQI9g7U1272
1,1.0,1.4212088584899902,0,2477Wk5b58ywNkmGHha3UgSX1831
0,0.0,5.569904088973999,0,2466TSVQzmiW-hXcxaEULw6K1864
0,0.08,17.835453271865845,1,2941qGbMTO0mozvc2N-D8Ll13995
1,1.0,7.843133926391602,1,618kZkbA7HSiZWpF9MwGv4B61
0,0.25,9.272663593292236,1,1001W57bXvzsU7BsCan0XmdL407
0,0.13333333333333333,10.73582911491394,1,ad31333ef743449d9ea5c71138e11642
0,0.6399999999999999,18.496609449386597,0,1760NxofyqAwNCoWrjcNMQrs3523
0,0.2,11.928210496902466,1,3003dQUE5hLbknhc6gAE1TOI3856
0,0.1904761904761905,5.538285493850708,0,557uKN2383p384ghLRsx8AW237
0,0.5454545454545454,12.545895338058472,1,2536UpX9Bg_Y08DDNzXdFiU_1689
1,1.0,9.19368600845337,1,1158byH939tSa-y6piPB33qI3275
0,0.5,15.335816144943237,1,23400fYXPU8hPMma1dgBlkCK3779
0,0.0,29.42663288116455,0,2377URm8qpovSm3ZcmknWYzr3693
1,1.0,14.210916757583618,1,2978hzn_PZEX4hqXSKHGaNOE3915
0,0.375,15.056200981140137,1,1153qNeYaWgsWaP4fPq6Tjjm3290
0,0.392156862745098,21.733078479766846,1,8868thLYr46u8EShTLKweit2658
0,0.6,14.901909589767456,1,2515HnCK6br3syHDxNhRpc8g1750
0,0.0,5.849855661392212,0,13bca793e8f34ef3b6a00babb827b240
0,0.6666666666666665,10.131936073303223,1,2631M_1rjE6k2YLouvowQoHJ2334
0,0.7368421052631579,14.435829877853394,1,2389fMXDCf-L0WzUcKd1VeHg3670
0,0.7692307692307693,10.066845655441284,1,2196AkNG1_y8EyrFRQMGcbBm4107
0,0.36065573770491804,32.023621559143066,0,2731HqkZcXQ2ghjXCopBDyf4879
0,0.3636363636363636,10.022233247756958,1,26213tScNqi5jq-dNNpY17aB2357
0,0.8181818181818181,11.839869499206543,1,2398cHxKpmXAoKYK97Ln3GA23652
0,0.0,1.5457227230072021,0,905uMGe3kos3fBWBJRcu64_2610
0,0.13333333333333333,3.9214649200439453,0,1758C1ntGFo_J3b9Gru82Z393529
0,0.6896551724137931,14.963902950286865,1,598sQDpQ6KKddxnTnAMlHjr115
0,0.5,12.925855875015259,1,2941qGbMTO0mozvc2N-D8Ll13996
0,0.8,11.630558013916016,1,9414p2IRYym1X7K4lS0j_Q5578
0,0.0,11.5832040309906,1,965GQDApWgsLm2Q6M9oCXXz505
0,0.5882352941176471,12.872076511383057,1,2139yDUqrN6ktYr0XYmUtrhj4251
0,0.339622641509434,16.17325186729431,1,2456mSRZvgWGRhYDDkRPL2f41883
0,0.6666666666666666,8.902288675308228,1,2508lmmHXbx9CbrIhCEGTMgz1762
0,0.2,3.9086530208587646,0,1627y16BUwp_39IprpSx206Q1161
0,0.5,9.078043699264526,1,2053DCa4BLCC5EEQ8l7BVnnp1641
1,1.0,9.447232484817505,1,2194GC95ntf1sDidYwRyemAc4114
0,0.42857142857142855,17.16976284980774,1,2219TDRURokHX0rVp0aN741O4049
0,0.3076923076923077,18.23504066467285,0,1376fXJB349zgjyv_w4X0bXI749
0,0.0,3.1319222450256348,0,709ZYekPZmIHVZUS0oAXArM2856
0,0.761904761904762,13.751792669296265,1,1000i5ZESzidE5hb6hdUdea2408
1,1.0,7.571827173233032,1,590XWeIE_Ub3P9D0x7jiKmg140
0,0.5,12.773954629898071,1,2617lIcTuHq8N8es-n39g3012365
0,0.7272727272727273,11.190583944320679,1,2662NwX5LGUVKuX9e_SZ5Ydk1075
0,0.56,13.951050281524658,1,15437IrG_pxUZHW4l3vkQWeG1385
0,0.46511627906976744,17.067472457885742,1,1544BBli6lvsM3ocK55YaTtb1381
1,1.0,8.128758430480957,1,1797bKcsOYWjujXqmm-PqvRx3438
0,0.15384615384615383,3.827575206756592,0,2159ddV_uhwSKY-ivPDLPBYe4202
0,0.875,9.412843942642212,1,11609Jmtcj6mL4_qZoKMrsvu3271
0,0.4,11.729030847549438,1,908jl25A_Iov80feqJ4evmm2601
0,0.1,5.72196888923645,0,1748onKgABfsH9Ey9B-K6T2n3558
1,1.0,8.588974952697754,1,17388L0pXFkN6Wb2CQAgtWsF3590
0,0.5,15.434070348739624,1,588FFiBS7n4Z9PvHg-vk3Ri145
0,0.3636363636363636,15.236850023269653,1,3016XnYJU0PvEDVmTUPXywfh3826
1,1.0,8.64444375038147,1,1504hlqci9hC_wlnWXFEJjtG2013
0,0.4,10.49529218673706,1,1801GMGqWYEBcwKtk36fM4SD3432
0,0.5263157894736842,11.965727090835571,1,2623shbw3gotPnV5E6lvICWY2354
0,0.0,9.120861768722534,1,1636U9fgDPC8e9WhnQASL0AZ1142
0,0.2222222222222222,9.618787050247192,1,2986JvbXNLo81zp2QsLN9R-o3895
1,1.0,12.01117205619812,1,2131ThABbwh5RS-HlVdmLPDZ1417
1,1.0,8.460517406463623,1,878tqshp6q6ko3DcqZ6tS6C2678
1,1.0,13.026216745376587,1,177554ovP1_0ekekHhCRWFeh3487
0,0.36363636363636365,12.069616317749023,1,3028tKME3xmEIFzACt6fT95u3800
0,0.625,14.920211553573608,1,2160pB7t95SaGUm4CzQhgmjJ4198
0,0.2222222222222222,14.299907922744751,1,145680wJT2OEc4U1fHPyTYZE2102
0,0.4,10.673428535461426,1,2485wQdQwDnk4yk5FdBXXmhj1815
1,1.0,11.080451250076294,1,900Uh49Da025Lfl-NKMic6l2624
0,0.3076923076923077,3.9120943546295166,0,11560sYYJxTrE--1-2sMNJ953281
0,0.13333333333333333,3.9613029956817627,0,2089F_XURZ9rHNynDA6Fk8kX1535
0,0.25,2.7027552127838135,0,1389Ypbz0yiTxHj8sdg8Dd-O714
0,0.2222222222222222,11.079576969146729,1,2604e0fmEL2GWz6b8e3UT2SE2382
1,1.0,10.038894176483154,1,2587WZtb-G91TcjATusTTjeN2423
0,0.0,1.7185616493225098,0,623AhTszwVETU0JVBzClsCl45
0,0.0,15.36409068107605,1,903d3S0iJZYbioutIfyZx9E2615
0,0.4,17.072771787643433,1,2531wAQb5TOSCuVTwZGjz1rT1700
1,1.0,11.897501230239868,1,2580MTsBR8_rce6kiKLMzPcF2432
0,0.6666666666666666,1.322382926940918,0,3004X8M9tRmpFDo7C4yTa_nC3854
0,0.0909090909090909,7.392999172210693,0,f9e31eaa38c14c9ba1e788b917f8ea65
0,0.15384615384615385,17.838616132736206,1,1399HAUAi3igcRp4kaiXBS34690
0,0.2222222222222222,14.249716758728027,1,678otpfB47oYxNuzn83DpRo2932
0,0.08130081300813008,49.939414978027344,0,2687GNgTIwftLmhQl-ULlyIq1001
0,0.28571428571428575,1.9067802429199219,0,1524Nfm7mS8r69gMUDH3Iml01961
0,0.0,1.2322883605957031,0,2575f4mugcu2JQoWTywMsU6P2446
1,1.0,9.318780422210693,1,19410cAiVIRRgASbt7wWgZD-2319
0,0.30769230769230765,13.363430976867676,0,1491oI4TAF4mItNmtq538iaG2032
0,0.125,15.064987182617188,1,1412dyjyK86xUjhTPTG2x3S7651
1,1.0,12.383545398712158,1,1440qne5M3TJkKmQ8UE97H1P2132
1,1.0,9.562384843826294,1,2532QPzqtcjnJeRC9NxubnOq1697
0,0.2631578947368421,45.20233106613159,1,2069QCdzCbUZyNgMproHhJws1594
0,0.0,4.018060207366943,0,627343cba73d42d49f9ab2152ac7ee73
0,0.16666666666666669,16.612881422042847,1,2075fH8z53xWhNLFvwtEBqjo1575
0,0.1818181818181818,2.973529577255249,0,588NyHE4CBeocNT0p36WOjf144
0,0.7272727272727273,21.646621465682983,1,1364_8Kr3q32CIpMR0kiqSJZ778
0,0.19354838709677416,15.247814178466797,1,1370QNUfD2WiHA7tvyK8d5Dc761
0,0.33333333333333337,16.03740930557251,1,25182PdyMWkPXSFPNo4-wt5J1741
0,0.22222222222222224,3.9371466636657715,0,2969gQlMvd6FhSZMcTlnE-C13936
0,0.18181818181818182,3.420140266418457,0,2070ak7o05iYQKrCn9M9TwT31592
0,0.47058823529411764,11.199673652648926,1,1587uaVpzNlVFOvm2d9R858J1271
0,0.2666666666666667,14.73505425453186,1,662vdy4KyRsfU9fUc7gxaki2970
1,1.0,9.530826568603516,1,2541rje6l6smnNf496Mfo2ZK2506
0,0.25,12.035001754760742,1,1963LYeJkFeQGNvt6xtitv6o2269
1,1.0,9.551699161529541,1,1956vw_p35LNB6CkbnIkyRY-2284
0,0.125,9.170101165771484,0,2396H9jCvuDLczQcUQlEZGud3657
0,0.0,3.4272730350494385,0,1369djsyqLYuxpeSrFzUMmCE765
0,0.22222222222222224,2.5354020595550537,0,15886mL2IQG8B6jETUgnOHZc1269
0,0.4,16.030197143554688,1,852ZSryt9TK0_Cz0XclTy282743
0,0.7499999999999999,11.925035238265991,1,681ZSY2R55eJuqPvMg2YLu32922
0,0.3529411764705882,3.875444173812866,0,11547MyYfAO2SJjFtK6lH5ci3288
0,0.0,3.4313101768493652,0,20814-Xp7gQ0gpoeNufV1CCM1557
0,0.8,11.044060945510864,1,3006iqQtMuDDJjWerBzm_Me73850
0,0.125,12.181740283966064,1,2407RuK1Iv95cime4WWdGNoB3634
1,1.0,14.112311840057373,1,2018YW2syleEWhsiOiqtl1bM2179
0,0.1818181818181818,3.9434926509857178,0,2073z-IROD_SxTTIHVa0x2-Q1583
1,1.0,10.257770299911499,1,21282Cr-35xm2wBqUSJkqXMj1427
0,0.08333333333333333,5.8351380825042725,0,2707KB1tO6YYJq35qJk9l8AN945
0,0.15384615384615385,11.99649167060852,1,2361c-8SrBx2PZDYVGvo5ybn3732
0,0.052631578947368425,17.010161638259888,0,1209gLLe3Hw31X00Jkrt9Bb-3129
0,0.08695652173913043,4.027065753936768,0,1200iD_TbPSqREfeM3ey59wU3155
0,0.923076923076923,11.20427656173706,1,893yr9lRN4Av6ZBi_1BuAEs2645
1,1.0,10.023309230804443,1,2581ppi0j1b9BNl9BapOdicC2430
0,0.3333333333333333,14.709047555923462,1,1775dGCKacaEaf4vXnKBh4Rd3489
0,0.5,14.9459547996521,1,1407v19CEpuYZwkqnTa-q-b7664
0,0.0,3.2805850505828857,0,1541LwNBuKx3059aO01FudyY1389
1,1.0,16.34152317047119,0,1829Io4ow-6WaOGk3uMLY2EE3363
1,1.0,9.554311275482178,1,2670Y-kuxlKLxN5SPIlGPfw91052
0,0.22222222222222218,6.254415988922119,0,1179Ij6ixmYImDvTIyylli083218
1,1.0,10.448965549468994,1,2617lIcTuHq8N8es-n39g3012366
1,1.0,14.716986894607544,1,2071kHxLVZsdxtm6xVPXQcML1589
1,1.0,11.793678522109985,1,1826-5gZY7Lc4gn0qD-o6_To3371
0,0.0,1.8602650165557861,0,682I2vidJcfbbqgpGrTK1XG2921
1,1.0,14.78450083732605,1,1786P9IXKcQP8OkEN66opvpF3459
0,0.6666666666666666,14.534281730651855,1,26682MjSxvP6AiBNgCeojDJb1057
0,0.8,11.146379470825195,1,661euljLSpbfTSc_6HtuXCq2973
0,0.1818181818181818,2.6158783435821533,0,8808MIOqs91bcamJY7BKpKK2672
0,0.8571428571428571,9.6465585231781,1,1237yuti7VE1972UnCfqAN7V3047
0,0.0,15.253527402877808,1,2988o2Tx-xSKGXrXuofncBnZ3888
0,0.05555555555555555,7.989568471908569,0,582uj-O_p2agIMaKLfVvt9q164
0,0.0,32.718995571136475,0,545m8hikbi_76zd990QYmmK274
0,0.15384615384615385,14.197624206542969,1,1953_7jguMvfhNu8DiK9_PGm2291
0,0.33333333333333337,9.175507545471191,1,2454DywEFUk_89WopSOIo62c1889
0,0.5714285714285715,15.46483826637268,1,2130hnFIfjAqoSjF4izSr4Sg1421
0,0.16666666666666669,16.103097915649414,1,1748emZrqreIzMIm0XWLL7Rn3560
0,0.21052631578947367,4.9919421672821045,0,2415XgbOPioSGAgijio17bAF3624
0,0.0,5.066354513168335,0,979XmKqsJdLFW1bLDI7o-pE462
0,0.6666666666666666,13.008050203323364,1,2985h8b9cr8x87sGlc8_zLvd3897
0,0.31578947368421056,2.149833917617798,0,1001SKiu6z7i8BnJk6y4pMq2405
1,1.0,9.08487319946289,1,23386xE0NbvZWVPZakM8re8C3784
0,0.6666666666666666,13.202205419540405,1,844wRITrjdtv1BhdX6qAgxD2767
0,0.10256410256410256,21.890509128570557,1,1779lcPuO1NFS50gJD6T-Zo73478
0,0.25,2.2234063148498535,0,1175f68nWVOs5WY82yUFRvj63232
0,0.5454545454545454,11.752285718917847,1,637XN1jH-kFjaRz4RsZeYq15
0,0.16666666666666669,14.522243022918701,1,1206pt-2ozhsCeZeJuJZ11Ii3138
0,0.2666666666666667,3.8233790397644043,0,607K-braHAQ3mBasRzaqi7I91
1,1.0,9.502652168273926,1,1487U3qYzmS-i3I4p64DrXQr2037
0,0.19999999999999998,12.115418910980225,1,2427o0QmxcHBetNiSbTlOqmh3602
0,0.5,1.3685543537139893,0,548Bj6ddRdZ8SW-Zzx6iTxc265
0,0.1904761904761905,30.774055242538452,0,1749wiiGSfeFQ3yPQ1BOc1U43557
0,0.04878048780487806,39.423967599868774,0,2444VM3M-Xnaa4T5rEXxP45X1908
1,1.0,10.43355393409729,1,201676gIfT7jAO-6h0fecgJk2181
0,0.3333333333333333,12.70252776145935,1,2345xzNHwuJ_9-no_amFWS4A3767
0,0.0,14.690263032913208,1,2002fbBFgunu-KJFrVTfeKi42202
0,0.6086956521739131,18.829030752182007,0,2148NJIHZymeZVgHJqfku_T-4226
0,0.36363636363636365,10.837467432022095,1,556fLKlHwoGAKGwwcRMBDwh240
1,1.0,4.073014974594116,1,973l7OlPX7xTIwuKoPqSOF1480
1,1.0,14.423874616622925,1,849q68W7IxX8-DQe5gM8Mee2752
0,0.0,2.742072343826294,0,2729ECSyBaYVZZbDBNyaHu4J887
0,0.6666666666666666,12.63480830192566,1,2468gzw0TqblC0pMtjMtvjM_1857
0,0.8,9.90302300453186,1,633AbrSc7FQvB59-3tSuvrL17
1,1.0,13.754045009613037,1,691pqnhMyJfTBtJrs_4z71s2897
0,0.5,11.700774908065796,1,1554GyUQ981YKusehk4Cl7Te1354
0,0.5,12.085367918014526,1,2101NmIr2aqU_7v2eE_aidH61505
0,0.4,13.397476196289062,1,2146CMsypO-GlkGAyST9v2a-4233
0,0.0,11.258678436279297,1,9012HUd6aulh_Yu4SRtV4Ju2622
0,0.1739130434782609,16.295012950897217,1,1597nEqmtOHPo0XoNSnISrKk1245
0,0.3333333333333333,4.365643262863159,0,10361heR9e1kTvvo1NiiW5Ae307
0,0.39999999999999997,12.5591402053833,1,2608ntJl4AFAduDIt0AYknjI2371
0,0.0,11.771565675735474,1,861-dKB_3BSzYCaSTRw8Av_2716
0,0.6666666666666666,13.439066171646118,1,733LbQvJbQviVsKR9L4LKL42794
0,0.3448275862068966,11.426591157913208,1,2042miR6jt7vY_V7syKyFwGL1670
0,0.0,1.1395790576934814,0,2207G7fY90tz0IlYJOMAOQxR4078
0,0.0,3.4791066646575928,0,19488Pr6RoX5NaT1BWOrfb8b2303
0,0.4444444444444445,12.572444438934326,1,2421v8dCeaZg9Ymh8vP7GbpI3612
0,0.46153846153846156,11.145368576049805,1,2386qMf0MKowAfp8GBBNMPlr3678
0,0.0,31.62913680076599,0,2081wGIIBL_5uHYg2-zjVmIl1558
0,0.25,2.6766653060913086,0,1952VkcVXDZByWM4BEkloo3g2292
0,0.6666666666666666,12.96139907836914,1,3025ztWv0J68PeStGtNqdd7e3807
0,0.6666666666666666,13.059222221374512,1,2511yeDda16x6E0RLYCDi9mP1756
1,1.0,9.449923992156982,1,2541Xqfe9NPWsDPd0IRvHv882507
0,0.46153846153846156,16.875587701797485,1,1789NObn0laTBstP0EhadjV63454
0,0.5714285714285715,12.72049880027771,1,1182meUHVvr0MSNbaF6y6cu83210
0,0.07407407407407407,6.985186338424683,0,1202iIzasrTScRTbY9MqhVF43151
1,1.0,11.245456457138062,1,727txM-u642lp8qZYKtzIpe2807
1,1.0,10.573140859603882,1,2608eLuQvx4PuZ3GmN9QGr8z2370
0,0.0,17.48529362678528,1,621rUA-y24a2TlBAhZxV8H852
0,0.13333333333333333,4.28777003288269,0,5fe90365c57d4d86812c235aadce9261
1,1.0,13.139601945877075,1,2564AaK20GeV0Vbt9hLoucnT2462
0,0.8484848484848485,14.920531988143921,1,2446m66Tw_4sOTHwmDMR5WHc1904
1,1.0,1.0168061256408691,0,54482QW5OfFiQVIWiIpVI2E277
0,0.18181818181818182,14.262373924255371,1,998Con_q4MLI1RfJuY2bKbI416
0,0.0,4.529776334762573,0,1159_3BLEoNo6JC3PQD3lhm_3273
0,0.0,14.866518020629883,1,2656Yp2ruMu098-NHmfDpEnc1090
